Workbook
Name ___DAT1: #REF!
Name ___DAT1: #REF!
Name ___DAT1: #REF!
Name ___DAT10: #REF!
Name ___DAT10: #REF!
Name ___DAT11: #REF!
Name ___DAT11: #REF!
Name ___DAT12: #REF!
Name ___DAT12: #REF!
Name ___DAT13: #REF!
Name ___DAT13: #REF!
Name ___DAT2: #REF!
Name ___DAT2: #REF!
Name ___DAT3: #REF!
Name ___DAT3: #REF!
Name ___DAT4: #REF!
Name ___DAT4: #REF!
Name ___DAT5: #REF!
Name ___DAT5: #REF!
Name ___DAT6: #REF!
Name ___DAT6: #REF!
Name ___DAT7: #REF!
Name ___DAT7: #REF!
Name ___DAT8: #REF!
Name ___DAT8: #REF!
Name ___DAT9: #REF!
Name ___DAT9: #REF!
Name __DAT1: #REF!
Name __DAT1: #REF!
Name __DAT1: #REF!
Name __DAT1: #REF!
Name __DAT1: #REF!
Name __DAT10: #REF!
Name __DAT10: #REF!
Name __DAT10: #REF!
Name __DAT10: #REF!
Name __DAT10: #REF!
Name __DAT11: #REF!
Name __DAT11: #REF!
Name __DAT11: #REF!
Name __DAT11: #REF!
Name __DAT11: #REF!
Name __DAT12: #REF!
Name __DAT12: #REF!
Name __DAT12: #REF!
Name __DAT12: #REF!
Name __DAT12: #REF!
Name __DAT13: #REF!
Name __DAT13: #REF!
Name __DAT13: #REF!
Name __DAT13: #REF!
Name __DAT13: #REF!
Name __DAT2: #REF!
Name __DAT2: #REF!
Name __DAT2: #REF!
Name __DAT2: #REF!
Name __DAT2: #REF!
Name __DAT3: #REF!
Name __DAT3: #REF!
Name __DAT3: #REF!

Sheet Bush Rejection
K1: 44256 | M1: A | N1: B | O1: C | P1: FQC | S1: COST OF POOR QUALITY
K2: Grand Total:- | M2: =SUBTOTAL(9,M5:M7) -> 0 | N2: =SUBTOTAL(9,#REF!) -> #REF! | O2: =SUBTOTAL(9,O5:O18) -> 0 | P2: =SUBTOTAL(9,#REF!) -> #REF! | Q2: =SUBTOTAL(9,#REF!) -> #REF! | S2: =SUBTOTAL(9,S5:S33) -> #N/A
M3: Rejection Qty
A4: Sr. No | B4: .Code | C4: M/c No | D4: M/c Name | E4: Oprn. | F4: Code | G4: Part No. | H4: Customer | I4: Operator | J4: .Code | K4: Non Conformance | L4: Date | M4: 1st | N4: 2nd | O4: 3rd | P4: FQC | Q4: Total Rej. qty | R4: cost per piece | S4: Total cost | T4: SAP CODE | U4: Code | V4: Reason | W4: Due To 4M | X4: Nature of Problem
A5: 1 | C5: =VLOOKUP(B5,'[1]RE Defect Sheet'!$E$2:$H$38,2,0) -> #N/A | D5: =VLOOKUP(B5,'[1]RE Defect Sheet'!$E$2:$H$38,3,0) -> #N/A | E5: =VLOOKUP(B5,'[1]RE Defect Sheet'!$E$2:$H$38,4,0) -> #N/A | G5: =VLOOKUP(F5,'[1]RE Defect Sheet'!$K$3:$N$176,2,0) -> #N/A | H5: =VLOOKUP(F5,'[1]RE Defect Sheet'!$K$3:$N$176,3,0) -> #N/A | K5: =VLOOKUP(J5,'[1]RE Defect Sheet'!$A$2:$C$58,2,0) -> #N/A | Q5: =M5+N5+O5+P5 -> 0 | R5: =VLOOKUP(F5,'[1]RE Defect Sheet'!$K$3:$N$176,4,0) -> #N/A | S5: =(Q5*R5) -> #N/A | T5: =VLOOKUP(J5,'[1]RE Defect Sheet'!$A$2:$C$49,3,0) -> #N/A | V5: =VLOOKUP(U5,'[1]RE Defect Sheet'!$P$3:$S$67,2,0) -> #N/A | W5: =VLOOKUP(U5,'[1]RE Defect Sheet'!$P$3:$S$67,3,0) -> #N/A | X5: =VLOOKUP(U5,'[1]RE Defect Sheet'!$P$3:$S$67,4,0) -> #N/A
A6: 2 | C6: =VLOOKUP(B6,'[1]RE Defect Sheet'!$E$2:$H$38,2,0) -> #N/A | D6: =VLOOKUP(B6,'[1]RE Defect Sheet'!$E$2:$H$38,3,0) -> #N/A | E6: =VLOOKUP(B6,'[1]RE Defect Sheet'!$E$2:$H$38,4,0) -> #N/A | G6: =VLOOKUP(F6,'[1]RE Defect Sheet'!$K$3:$N$176,2,0) -> #N/A | H6: =VLOOKUP(F6,'[1]RE Defect Sheet'!$K$3:$N$176,3,0) -> #N/A | K6: =VLOOKUP(J6,'[1]RE Defect Sheet'!$A$2:$C$58,2,0) -> #N/A | Q6: =M6+N6+O6+P6 -> 0 | R6: =VLOOKUP(F6,'[1]RE Defect Sheet'!$K$3:$N$176,4,0) -> #N/A | S6: =(Q6*R6) -> #N/A | T6: =VLOOKUP(J6,'[1]RE Defect Sheet'!$A$2:$C$49,3,0) -> #N/A | V6: =VLOOKUP(U6,'[1]RE Defect Sheet'!$P$3:$S$67,2,0) -> #N/A | W6: =VLOOKUP(U6,'[1]RE Defect Sheet'!$P$3:$S$67,3,0) -> #N/A | X6: =VLOOKUP(U6,'[1]RE Defect Sheet'!$P$3:$S$67,4,0) -> #N/A
A7: 3 | C7: =VLOOKUP(B7,'[1]RE Defect Sheet'!$E$2:$H$38,2,0) -> #N/A | D7: =VLOOKUP(B7,'[1]RE Defect Sheet'!$E$2:$H$38,3,0) -> #N/A | E7: =VLOOKUP(B7,'[1]RE Defect Sheet'!$E$2:$H$38,4,0) -> #N/A | G7: =VLOOKUP(F7,'[1]RE Defect Sheet'!$K$3:$N$176,2,0) -> #N/A | H7: =VLOOKUP(F7,'[1]RE Defect Sheet'!$K$3:$N$176,3,0) -> #N/A | K7: =VLOOKUP(J7,'[1]RE Defect Sheet'!$A$2:$C$58,2,0) -> #N/A | Q7: =M7+N7+O7+P7 -> 0 | R7: =VLOOKUP(F7,'[1]RE Defect Sheet'!$K$3:$N$176,4,0) -> #N/A | S7: =(Q7*R7) -> #N/A | T7: =VLOOKUP(J7,'[1]RE Defect Sheet'!$A$2:$C$49,3,0) -> #N/A | V7: =VLOOKUP(U7,'[1]RE Defect Sheet'!$P$3:$S$67,2,0) -> #N/A | W7: =VLOOKUP(U7,'[1]RE Defect Sheet'!$P$3:$S$67,3,0) -> #N/A | X7: =VLOOKUP(U7,'[1]RE Defect Sheet'!$P$3:$S$67,4,0) -> #N/A
A8: 4 | C8: =VLOOKUP(B8,'[1]RE Defect Sheet'!$E$2:$H$38,2,0) -> #N/A | D8: =VLOOKUP(B8,'[1]RE Defect Sheet'!$E$2:$H$38,3,0) -> #N/A | E8: =VLOOKUP(B8,'[1]RE Defect Sheet'!$E$2:$H$38,4,0) -> #N/A | G8: =VLOOKUP(F8,'[1]RE Defect Sheet'!$K$3:$N$176,2,0) -> #N/A | H8: =VLOOKUP(F8,'[1]RE Defect Sheet'!$K$3:$N$176,3,0) -> #N/A | K8: =VLOOKUP(J8,'[1]RE Defect Sheet'!$A$2:$C$58,2,0) -> #N/A | Q8: =M8+N8+O8+P8 -> 0 | R8: =VLOOKUP(F8,'[1]RE Defect Sheet'!$K$3:$N$176,4,0) -> #N/A | S8: =(Q8*R8) -> #N/A | T8: =VLOOKUP(J8,'[1]RE Defect Sheet'!$A$2:$C$49,3,0) -> #N/A | V8: =VLOOKUP(U8,'[1]RE Defect Sheet'!$P$3:$S$67,2,0) -> #N/A | W8: =VLOOKUP(U8,'[1]RE Defect Sheet'!$P$3:$S$67,3,0) -> #N/A | X8: =VLOOKUP(U8,'[1]RE Defect Sheet'!$P$3:$S$67,4,0) -> #N/A
A9: 5 | C9: =VLOOKUP(B9,'[1]RE Defect Sheet'!$E$2:$H$38,2,0) -> #N/A | D9: =VLOOKUP(B9,'[1]RE Defect Sheet'!$E$2:$H$38,3,0) -> #N/A | E9: =VLOOKUP(B9,'[1]RE Defect Sheet'!$E$2:$H$38,4,0) -> #N/A | G9: =VLOOKUP(F9,'[1]RE Defect Sheet'!$K$3:$N$176,2,0) -> #N/A | H9: =VLOOKUP(F9,'[1]RE Defect Sheet'!$K$3:$N$176,3,0) -> #N/A | K9: =VLOOKUP(J9,'[1]RE Defect Sheet'!$A$2:$C$58,2,0) -> #N/A | Q9: =M9+N9+O9+P9 -> 0 | R9: =VLOOKUP(F9,'[1]RE Defect Sheet'!$K$3:$N$176,4,0) -> #N/A | S9: =(Q9*R9) -> #N/A | T9: =VLOOKUP(J9,'[1]RE Defect Sheet'!$A$2:$C$49,3,0) -> #N/A | V9: =VLOOKUP(U9,'[1]RE Defect Sheet'!$P$3:$S$67,2,0) -> #N/A | W9: =VLOOKUP(U9,'[1]RE Defect Sheet'!$P$3:$S$67,3,0) -> #N/A | X9: =VLOOKUP(U9,'[1]RE Defect Sheet'!$P$3:$S$67,4,0) -> #N/A
A10: 6 | C10: =VLOOKUP(B10,'[1]RE Defect Sheet'!$E$2:$H$38,2,0) -> #N/A | D10: =VLOOKUP(B10,'[1]RE Defect Sheet'!$E$2:$H$38,3,0) -> #N/A | E10: =VLOOKUP(B10,'[1]RE Defect Sheet'!$E$2:$H$38,4,0) -> #N/A | G10: =VLOOKUP(F10,'[1]RE Defect Sheet'!$K$3:$N$176,2,0) -> #N/A | H10: =VLOOKUP(F10,'[1]RE Defect Sheet'!$K$3:$N$176,3,0) -> #N/A | K10: =VLOOKUP(J10,'[1]RE Defect Sheet'!$A$2:$C$58,2,0) -> #N/A | Q10: =M10+N10+O10+P10 -> 0 | R10: =VLOOKUP(F10,'[1]RE Defect Sheet'!$K$3:$N$176,4,0) -> #N/A | S10: =(Q10*R10) -> #N/A | T10: =VLOOKUP(J10,'[1]RE Defect Sheet'!$A$2:$C$49,3,0) -> #N/A | V10: =VLOOKUP(U10,'[1]RE Defect Sheet'!$P$3:$S$67,2,0) -> #N/A | W10: =VLOOKUP(U10,'[1]RE Defect Sheet'!$P$3:$S$67,3,0) -> #N/A | X10: =VLOOKUP(U10,'[1]RE Defect Sheet'!$P$3:$S$67,4,0) -> #N/A
A11: 7 | C11: =VLOOKUP(B11,'[1]RE Defect Sheet'!$E$2:$H$38,2,0) -> #N/A | D11: =VLOOKUP(B11,'[1]RE Defect Sheet'!$E$2:$H$38,3,0) -> #N/A | E11: =VLOOKUP(B11,'[1]RE Defect Sheet'!$E$2:$H$38,4,0) -> #N/A | G11: =VLOOKUP(F11,'[1]RE Defect Sheet'!$K$3:$N$176,2,0) -> #N/A | H11: =VLOOKUP(F11,'[1]RE Defect Sheet'!$K$3:$N$176,3,0) -> #N/A | K11: =VLOOKUP(J11,'[1]RE Defect Sheet'!$A$2:$C$58,2,0) -> #N/A | Q11: =M11+N11+O11+P11 -> 0 | R11: =VLOOKUP(F11,'[1]RE Defect Sheet'!$K$3:$N$176,4,0) -> #N/A | S11: =(Q11*R11) -> #N/A | T11: =VLOOKUP(J11,'[1]RE Defect Sheet'!$A$2:$C$49,3,0) -> #N/A | V11: =VLOOKUP(U11,'[1]RE Defect Sheet'!$P$3:$S$67,2,0) -> #N/A | W11: =VLOOKUP(U11,'[1]RE Defect Sheet'!$P$3:$S$67,3,0) -> #N/A | X11: =VLOOKUP(U11,'[1]RE Defect Sheet'!$P$3:$S$67,4,0) -> #N/A
A12: 8 | C12: =VLOOKUP(B12,'[1]RE Defect Sheet'!$E$2:$H$38,2,0) -> #N/A | D12: =VLOOKUP(B12,'[1]RE Defect Sheet'!$E$2:$H$38,3,0) -> #N/A | E12: =VLOOKUP(B12,'[1]RE Defect Sheet'!$E$2:$H$38,4,0) -> #N/A | G12: =VLOOKUP(F12,'[1]RE Defect Sheet'!$K$3:$N$176,2,0) -> #N/A | H12: =VLOOKUP(F12,'[1]RE Defect Sheet'!$K$3:$N$176,3,0) -> #N/A | K12: =VLOOKUP(J12,'[1]RE Defect Sheet'!$A$2:$C$58,2,0) -> #N/A | Q12: =M12+N12+O12+P12 -> 0 | R12: =VLOOKUP(F12,'[1]RE Defect Sheet'!$K$3:$N$176,4,0) -> #N/A | S12: =(Q12*R12) -> #N/A | T12: =VLOOKUP(J12,'[1]RE Defect Sheet'!$A$2:$C$49,3,0) -> #N/A | V12: =VLOOKUP(U12,'[1]RE Defect Sheet'!$P$3:$S$67,2,0) -> #N/A | W12: =VLOOKUP(U12,'[1]RE Defect Sheet'!$P$3:$S$67,3,0) -> #N/A | X12: =VLOOKUP(U12,'[1]RE Defect Sheet'!$P$3:$S$67,4,0) -> #N/A
A13: 9 | C13: =VLOOKUP(B13,'[1]RE Defect Sheet'!$E$2:$H$38,2,0) -> #N/A | D13: =VLOOKUP(B13,'[1]RE Defect Sheet'!$E$2:$H$38,3,0) -> #N/A | E13: =VLOOKUP(B13,'[1]RE Defect Sheet'!$E$2:$H$38,4,0) -> #N/A | G13: =VLOOKUP(F13,'[1]RE Defect Sheet'!$K$3:$N$176,2,0) -> #N/A | H13: =VLOOKUP(F13,'[1]RE Defect Sheet'!$K$3:$N$176,3,0) -> #N/A | K13: =VLOOKUP(J13,'[1]RE Defect Sheet'!$A$2:$C$58,2,0) -> #N/A | Q13: =M13+N13+O13+P13 -> 0 | R13: =VLOOKUP(F13,'[1]RE Defect Sheet'!$K$3:$N$176,4,0) -> #N/A | S13: =(Q13*R13) -> #N/A | T13: =VLOOKUP(J13,'[1]RE Defect Sheet'!$A$2:$C$49,3,0) -> #N/A | V13: =VLOOKUP(U13,'[1]RE Defect Sheet'!$P$3:$S$67,2,0) -> #N/A | W13: =VLOOKUP(U13,'[1]RE Defect Sheet'!$P$3:$S$67,3,0) -> #N/A | X13: =VLOOKUP(U13,'[1]RE Defect Sheet'!$P$3:$S$67,4,0) -> #N/A
A14: 10 | C14: =VLOOKUP(B14,'[1]RE Defect Sheet'!$E$2:$H$38,2,0) -> #N/A | D14: =VLOOKUP(B14,'[1]RE Defect Sheet'!$E$2:$H$38,3,0) -> #N/A | E14: =VLOOKUP(B14,'[1]RE Defect Sheet'!$E$2:$H$38,4,0) -> #N/A | G14: =VLOOKUP(F14,'[1]RE Defect Sheet'!$K$3:$N$176,2,0) -> #N/A | H14: =VLOOKUP(F14,'[1]RE Defect Sheet'!$K$3:$N$176,3,0) -> #N/A | K14: =VLOOKUP(J14,'[1]RE Defect Sheet'!$A$2:$C$58,2,0) -> #N/A | Q14: =M14+N14+O14+P14 -> 0 | R14: =VLOOKUP(F14,'[1]RE Defect Sheet'!$K$3:$N$176,4,0) -> #N/A | S14: =(Q14*R14) -> #N/A | T14: =VLOOKUP(J14,'[1]RE Defect Sheet'!$A$2:$C$49,3,0) -> #N/A | V14: =VLOOKUP(U14,'[1]RE Defect Sheet'!$P$3:$S$67,2,0) -> #N/A | W14: =VLOOKUP(U14,'[1]RE Defect Sheet'!$P$3:$S$67,3,0) -> #N/A | X14: =VLOOKUP(U14,'[1]RE Defect Sheet'!$P$3:$S$67,4,0) -> #N/A
A15: 11 | C15: =VLOOKUP(B15,'[1]RE Defect Sheet'!$E$2:$H$38,2,0) -> #N/A | D15: =VLOOKUP(B15,'[1]RE Defect Sheet'!$E$2:$H$38,3,0) -> #N/A | E15: =VLOOKUP(B15,'[1]RE Defect Sheet'!$E$2:$H$38,4,0) -> #N/A | G15: =VLOOKUP(F15,'[1]RE Defect Sheet'!$K$3:$N$176,2,0) -> #N/A | H15: =VLOOKUP(F15,'[1]RE Defect Sheet'!$K$3:$N$176,3,0) -> #N/A | K15: =VLOOKUP(J15,'[1]RE Defect Sheet'!$A$2:$C$58,2,0) -> #N/A | Q15: =M15+N15+O15+P15 -> 0 | R15: =VLOOKUP(F15,'[1]RE Defect Sheet'!$K$3:$N$176,4,0) -> #N/A | S15: =(Q15*R15) -> #N/A | T15: =VLOOKUP(J15,'[1]RE Defect Sheet'!$A$2:$C$49,3,0) -> #N/A | V15: =VLOOKUP(U15,'[1]RE Defect Sheet'!$P$3:$S$67,2,0) -> #N/A | W15: =VLOOKUP(U15,'[1]RE Defect Sheet'!$P$3:$S$67,3,0) -> #N/A | X15: =VLOOKUP(U15,'[1]RE Defect Sheet'!$P$3:$S$67,4,0) -> #N/A
A16: 12 | C16: =VLOOKUP(B16,'[1]RE Defect Sheet'!$E$2:$H$38,2,0) -> #N/A | D16: =VLOOKUP(B16,'[1]RE Defect Sheet'!$E$2:$H$38,3,0) -> #N/A | E16: =VLOOKUP(B16,'[1]RE Defect Sheet'!$E$2:$H$38,4,0) -> #N/A | G16: =VLOOKUP(F16,'[1]RE Defect Sheet'!$K$3:$N$176,2,0) -> #N/A | H16: =VLOOKUP(F16,'[1]RE Defect Sheet'!$K$3:$N$176,3,0) -> #N/A | K16: =VLOOKUP(J16,'[1]RE Defect Sheet'!$A$2:$C$58,2,0) -> #N/A | Q16: =M16+N16+O16+P16 -> 0 | R16: =VLOOKUP(F16,'[1]RE Defect Sheet'!$K$3:$N$176,4,0) -> #N/A | S16: =(Q16*R16) -> #N/A | T16: =VLOOKUP(J16,'[1]RE Defect Sheet'!$A$2:$C$49,3,0) -> #N/A | V16: =VLOOKUP(U16,'[1]RE Defect Sheet'!$P$3:$S$67,2,0) -> #N/A | W16: =VLOOKUP(U16,'[1]RE Defect Sheet'!$P$3:$S$67,3,0) -> #N/A | X16: =VLOOKUP(U16,'[1]RE Defect Sheet'!$P$3:$S$67,4,0) -> #N/A
... A26: 22 | C26: =VLOOKUP(B26,'[1]RE Defect Sheet'!$E$2:$H$38,2,0) -> #N/A | D26: =VLOOKUP(B26,'[1]RE Defect Sheet'!$E$2:$H$38,3,0) -> #N/A | E26: =VLOOKUP(B26,'[1]RE Defect Sheet'!$E$2:$H$38,4,0) -> #N/A | G26: =VLOOKUP(F26,'[1]RE Defect Sheet'!$K$3:$N$176,2,0) -> #N/A | H26: =VLOOKUP(F26,'[1]RE Defect Sheet'!$K$3:$N$176,3,0) -> #N/A | K26: =VLOOKUP(J26,'[1]RE Defect Sheet'!$A$2:$C$58,2,0) -> #N/A | Q26: =M26+N26+O26+P26 -> 0 | R26: =VLOOKUP(F26,'[1]RE Defect Sheet'!$K$3:$N$176,4,0) -> #N/A | S26: =(Q26*R26) -> #N/A | T26: =VLOOKUP(J26,'[1]RE Defect Sheet'!$A$2:$C$49,3,0) -> #N/A | V26: =VLOOKUP(U26,'[1]RE Defect Sheet'!$P$3:$S$67,2,0) -> #N/A | W26: =VLOOKUP(U26,'[1]RE Defect Sheet'!$P$3:$S$67,3,0) -> #N/A | X26: =VLOOKUP(U26,'[1]RE Defect Sheet'!$P$3:$S$67,4,0) -> #N/A

Sheet FQC Rejection Book
K1: 44256 | M1: A | N1: B | O1: C | P1: FQC | S1: COST OF POOR QUALITY
K2: Grand Total:- | M2: =SUBTOTAL(9,M5:M5) -> 0 | N2: =SUBTOTAL(9,#REF!) -> #REF! | O2: =SUBTOTAL(9,O5:O5) -> 0 | P2: =SUBTOTAL(9,#REF!) -> #REF! | Q2: =SUBTOTAL(9,#REF!) -> #REF! | S2: =SUBTOTAL(9,S5:S9) -> #N/A
M3: Rejection Qty
A4: Sr. No | B4: .Code | C4: M/c No | D4: M/c Name | E4: Oprn. | F4: Code | G4: Part No. | H4: Customer | I4: Operator | J4: .Code | K4: Non Conformance | L4: Date | M4: 1st | N4: 2nd | O4: 3rd | P4: FQC | Q4: Total Rej. qty | R4: cost per piece | S4: Total cost | T4: SAP CODE | U4: Code | V4: Reason | W4: Due To 4M | X4: Nature of Problem
A5: 1 | C5: =VLOOKUP(B5,'[1]RE Defect Sheet'!$E$2:$H$38,2,0) -> #N/A | D5: =VLOOKUP(B5,'[1]RE Defect Sheet'!$E$2:$H$38,3,0) -> #N/A | E5: =VLOOKUP(B5,'[1]RE Defect Sheet'!$E$2:$H$38,4,0) -> #N/A | G5: =VLOOKUP(F5,'[1]RE Defect Sheet'!$K$3:$N$176,2,0) -> #N/A | H5: =VLOOKUP(F5,'[1]RE Defect Sheet'!$K$3:$N$176,3,0) -> #N/A | K5: =VLOOKUP(J5,'[1]RE Defect Sheet'!$A$2:$C$58,2,0) -> #N/A | Q5: =M5+N5+O5+P5 -> 0 | R5: =VLOOKUP(F5,'[1]RE Defect Sheet'!$K$3:$N$176,4,0) -> #N/A | S5: =(Q5*R5) -> #N/A | T5: =VLOOKUP(J5,'[1]RE Defect Sheet'!$A$2:$C$49,3,0) -> #N/A | V5: =VLOOKUP(U5,'[1]RE Defect Sheet'!$P$3:$S$67,2,0) -> #N/A | W5: =VLOOKUP(U5,'[1]RE Defect Sheet'!$P$3:$S$67,3,0) -> #N/A | X5: =VLOOKUP(U5,'[1]RE Defect Sheet'!$P$3:$S$67,4,0) -> #N/A

Sheet Truning Daily Rej-Sep-26
M1: 46266 | N1: A | O1: B | P1: C | Q1: FQC | R1: Total Rej. qty | T1: COST OF POOR QUALITY
M2: Grand Total:- | N2: =SUBTOTAL(9,Table2[1st]) -> 1512 | O2: =SUBTOTAL(9,Table2[2nd]) -> 1025 | P2: =SUBTOTAL(9,Table2[3rd]) -> 644 | Q2: =SUBTOTAL(9,Table2[FQC]) -> 64 | R2: =N2+O2+P2+Q2 -> 3245 | T2: =SUBTOTAL(9,Table2[[Total cost ]]) -> 316861.73
N3: Rejection Qty
A4: Sr No. | B4: Code | C4: M/c No | D4: M/c Name | E4: Oprn. | F4: Code2 | G4: Part No. | H4: Customer | I4: operator | J4: Code3 | K4: Non Conformance | L4: Date | M4: Month | N4: 1st | O4: 2nd | P4: 3rd | Q4: FQC | R4: Total Rej. qty | S4: cost per piece | T4: Total cost | U4: SAP CODE | V4: Code4 | W4: Reason | X4: Rejection Identified at | Y4: Rejection Reason
A5: 1 | B5: 2 | C5: =IFERROR(VLOOKUP(Table2[[#This Row],[Code]],'[2]New Machine sheet'!$A$1:$D$101,2,0),0) -> 282-02 | D5: =IFERROR(VLOOKUP(Table2[[#This Row],[M/c No]],'[2]New Machine sheet'!$B$1:$D$101,2,0),0) -> Mazak | E5: =IFERROR(VLOOKUP(Table2[[#This Row],[M/c Name]],'[2]New Machine sheet'!$C$1:$D$101,2,0),0) -> Turning | F5: 75 | G5: =IFERROR(VLOOKUP(Table2[[#This Row],[Code2]],'[2]New Machine sheet'!$F$2:$I$64,2,),0) -> 2475 | H5: =IFERROR(VLOOKUP(Table2[[#This Row],[Code2]],'[2]New Machine sheet'!$F$2:$I$64,3,0),0) -> RE P1 | I5: Varsha | J5: 5 | K5: =IFERROR(VLOOKUP(Table2[[#This Row],[Code3]],'[2]New defect code '!$A$2:$D$129,2,0),0) -> Bore Over size | L5: 01.09.26 | M5: 46266 | N5: 1 | R5: =SUBTOTAL(9,Table2[[#This Row],[1st]:[FQC]]) -> 1 | S5: =IFERROR(VLOOKUP(Table2[[#This Row],[Part No.]],'[2]New Machine sheet'!$G$2:$I$90,3,0),0) -> 138.77 | T5: =Table2[[#This Row],[cost per piece]]*Table2[[#This Row],[Total Rej. qty]] -> 138.77 | U5: =IFERROR(VLOOKUP(Table2[[#This Row],[Non Conformance]],'[2]New defect code '!$B$2:$C$129,2,0),0) -> 3243 | V5: 18 | W5: =IFERROR(VLOOKUP(Table2[[#This Row],[Code4]],'[2]New Reason code'!$A$2:$D$77,2,0),0) -> During insert change | X5: =IFERROR(VLOOKUP(Table2[[#This Row],[Reason]],'[2]New Reason code'!$B$2:$D$77,2,0),0) -> Due to Settup | Y5: =IFERROR(VLOOKUP(Table2[[#This Row],[Rejection Identified at]],'[2]New Reason code'!$C$2:$D$77,2,0),0) -> skill
A6: 2 | B6: 41 | C6: =IFERROR(VLOOKUP(Table2[[#This Row],[Code]],'[2]New Machine sheet'!$A$1:$D$101,2,0),0) -> 252-03 | D6: =IFERROR(VLOOKUP(Table2[[#This Row],[M/c No]],'[2]New Machine sheet'!$B$1:$D$101,2,0),0) -> VMC | E6: =IFERROR(VLOOKUP(Table2[[#This Row],[M/c Name]],'[2]New Machine sheet'!$C$1:$D$101,2,0),0) -> VMC | F6: 77 | G6: =IFERROR(VLOOKUP(Table2[[#This Row],[Code2]],'[2]New Machine sheet'!$F$2:$I$64,2,),0) -> 2477 | H6: =IFERROR(VLOOKUP(Table2[[#This Row],[Code2]],'[2]New Machine sheet'!$F$2:$I$64,3,0),0) -> RE P1 | I6: Varsha | J6: 72 | K6: =IFERROR(VLOOKUP(Table2[[#This Row],[Code3]],'[2]New defect code '!$A$2:$D$129,2,0),0) -> PG No Go pass | L6: 01.09.26 | M6: 46266 | N6: 1 | R6: =SUBTOTAL(9,Table2[[#This Row],[1st]:[FQC]]) -> 1 | S6: =IFERROR(VLOOKUP(Table2[[#This Row],[Part No.]],'[2]New Machine sheet'!$G$2:$I$90,3,0),0) -> 79.065 | T6: =Table2[[#This Row],[cost per piece]]*Table2[[#This Row],[Total Rej. qty]] -> 79.065 | U6: =IFERROR(VLOOKUP(Table2[[#This Row],[Non Conformance]],'[2]New defect code '!$B$2:$C$129,2,0),0) -> 0 | V6: 21 | W6: =IFERROR(VLOOKUP(Table2[[#This Row],[Code4]],'[2]New Reason code'!$A$2:$D$77,2,0),0) -> During setup time | X6: =IFERROR(VLOOKUP(Table2[[#This Row],[Reason]],'[2]New Reason code'!$B$2:$D$77,2,0),0) -> Due to Settup | Y6: =IFERROR(VLOOKUP(Table2[[#This Row],[Rejection Identified at]],'[2]New Reason code'!$C$2:$D$77,2,0),0) -> skill
A7: 3 | C7: ACE-22 | D7: Micromatic | E7: =IFERROR(VLOOKUP(Table2[[#This Row],[M/c Name]],'[2]New Machine sheet'!$C$1:$D$101,2,0),0) -> Turning | F7: 127 | G7: =IFERROR(VLOOKUP(Table2[[#This Row],[Code2]],'[2]New Machine sheet'!$F$2:$I$64,2,),0) -> 24127 | H7: =IFERROR(VLOOKUP(Table2[[#This Row],[Code2]],'[2]New Machine sheet'!$F$2:$I$64,3,0),0) -> RE J1 | I7: Khushboo | J7: 40 | K7: =IFERROR(VLOOKUP(Table2[[#This Row],[Code3]],'[2]New defect code '!$A$2:$D$129,2,0),0) -> FACE Damage | L7: 01.09.26 | M7: 46266 | N7: 1 | R7: =SUBTOTAL(9,Table2[[#This Row],[1st]:[FQC]]) -> 1 | S7: =IFERROR(VLOOKUP(Table2[[#This Row],[Part No.]],'[2]New Machine sheet'!$G$2:$I$90,3,0),0) -> 262.812 | T7: =Table2[[#This Row],[cost per piece]]*Table2[[#This Row],[Total Rej. qty]] -> 262.812 | U7: =IFERROR(VLOOKUP(Table2[[#This Row],[Non Conformance]],'[2]New defect code '!$B$2:$C$129,2,0),0) -> 3229 | V7: 30 | W7: =IFERROR(VLOOKUP(Table2[[#This Row],[Code4]],'[2]New Reason code'!$A$2:$D$77,2,0),0) -> M/C Accident | X7: =IFERROR(VLOOKUP(Table2[[#This Row],[Reason]],'[2]New Reason code'!$B$2:$D$77,2,0),0) -> Due to machine | Y7: =IFERROR(VLOOKUP(Table2[[#This Row],[Rejection Identified at]],'[2]New Reason code'!$C$2:$D$77,2,0),0) -> process
A8: 4 | B8: 15 | C8: =IFERROR(VLOOKUP(Table2[[#This Row],[Code]],'[2]New Machine sheet'!$A$1:$D$101,2,0),0) -> 282-15 | D8: =IFERROR(VLOOKUP(Table2[[#This Row],[M/c No]],'[2]New Machine sheet'!$B$1:$D$101,2,0),0) -> Mazak | E8: =IFERROR(VLOOKUP(Table2[[#This Row],[M/c Name]],'[2]New Machine sheet'!$C$1:$D$101,2,0),0) -> Turning | F8: 127 | G8: =IFERROR(VLOOKUP(Table2[[#This Row],[Code2]],'[2]New Machine sheet'!$F$2:$I$64,2,),0) -> 24127 | H8: =IFERROR(VLOOKUP(Table2[[#This Row],[Code2]],'[2]New Machine sheet'!$F$2:$I$64,3,0),0) -> RE J1 | I8: Ravina | J8: 93 | K8: =IFERROR(VLOOKUP(Table2[[#This Row],[Code3]],'[2]New defect code '!$A$2:$D$129,2,0),0) -> Thickness Under size | L8: 01.09.26 | M8: 46266 | N8: 2 | R8: =SUBTOTAL(9,Table2[[#This Row],[1st]:[FQC]]) -> 2 | S8: =IFERROR(VLOOKUP(Table2[[#This Row],[Part No.]],'[2]New Machine sheet'!$G$2:$I$90,3,0),0) -> 262.812 | T8: =Table2[[#This Row],[cost per piece]]*Table2[[#This Row],[Total Rej. qty]] -> 525.624 | U8: =IFERROR(VLOOKUP(Table2[[#This Row],[Non Conformance]],'[2]New defect code '!$B$2:$C$129,2,0),0) -> 3258 | V8: 18 | W8: =IFERROR(VLOOKUP(Table2[[#This Row],[Code4]],'[2]New Reason code'!$A$2:$D$77,2,0),0) -> During insert change | X8: =IFERROR(VLOOKUP(Table2[[#This Row],[Reason]],'[2]New Reason code'!$B$2:$D$77,2,0),0) -> Due to Settup | Y8: =IFERROR(VLOOKUP(Table2[[#This Row],[Rejection Identified at]],'[2]New Reason code'!$C$2:$D$77,2,0),0) -> skill
A9: 5 | B9: 15 | C9: =IFERROR(VLOOKUP(Table2[[#This Row],[Code]],'[2]New Machine sheet'!$A$1:$D$101,2,0),0) -> 282-15 | D9: =IFERROR(VLOOKUP(Table2[[#This Row],[M/c No]],'[2]New Machine sheet'!$B$1:$D$101,2,0),0) -> Mazak | E9: =IFERROR(VLOOKUP(Table2[[#This Row],[M/c Name]],'[2]New Machine sheet'!$C$1:$D$101,2,0),0) -> Turning | F9: 187 | G9: =IFERROR(VLOOKUP(Table2[[#This Row],[Code2]],'[2]New Machine sheet'!$F$2:$I$64,2,),0) -> 24187 | H9: =IFERROR(VLOOKUP(Table2[[#This Row],[Code2]],'[2]New Machine sheet'!$F$2:$I$64,3,0),0) -> RE Bush | I9: Ravina | J9: 21 | K9: =IFERROR(VLOOKUP(Table2[[#This Row],[Code3]],'[2]New defect code '!$A$2:$D$129,2,0),0) -> Bush Reject of defective part | L9: 01.09.26 | M9: 46266 | N9: 2 | R9: =SUBTOTAL(9,Table2[[#This Row],[1st]:[FQC]]) -> 2 | S9: =IFERROR(VLOOKUP(Table2[[#This Row],[Part No.]],'[2]New Machine sheet'!$G$2:$I$90,3,0),0) -> 21.77 | T9: =Table2[[#This Row],[cost per piece]]*Table2[[#This Row],[Total Rej. qty]] -> 43.54 | U9: =IFERROR(VLOOKUP(Table2[[#This Row],[Non Conformance]],'[2]New defect code '!$B$2:$C$129,2,0),0) -> 0 | V9: 6 | W9: =IFERROR(VLOOKUP(Table2[[#This Row],[Code4]],'[2]New Reason code'!$A$2:$D$77,2,0),0) -> bush will not use again | X9: =IFERROR(VLOOKUP(Table2[[#This Row],[Reason]],'[2]New Reason code'!$B$2:$D$77,2,0),0) -> Prod Declared | Y9: =IFERROR(VLOOKUP(Table2[[#This Row],[Rejection Identified at]],'[2]New Reason code'!$C$2:$D$77,2,0),0) -> Process Issue
A10: 6 | B10: 40 | C10: =IFERROR(VLOOKUP(Table2[[#This Row],[Code]],'[2]New Machine sheet'!$A$1:$D$101,2,0),0) -> ACE-20 | D10: =IFERROR(VLOOKUP(Table2[[#This Row],[M/c No]],'[2]New Machine sheet'!$B$1:$D$101,2,0),0) -> Micromatic | E10: =IFERROR(VLOOKUP(Table2[[#This Row],[M/c Name]],'[2]New Machine sheet'!$C$1:$D$101,2,0),0) -> Turning | F10: 122 | G10: =IFERROR(VLOOKUP(Table2[[#This Row],[Code2]],'[2]New Machine sheet'!$F$2:$I$64,2,),0) -> 24122 | H10: =IFERROR(VLOOKUP(Table2[[#This Row],[Code2]],'[2]New Machine sheet'!$F$2:$I$64,3,0),0) -> RE J1 | I10: Ravina | J10: 93 | K10: =IFERROR(VLOOKUP(Table2[[#This Row],[Code3]],'[2]New defect code '!$A$2:$D$129,2,0),0) -> Thickness Under size | L10: 01.09.26 | M10: 46266 | N10: 1 | R10: =SUBTOTAL(9,Table2[[#This Row],[1st]:[FQC]]) -> 1 | S10: =IFERROR(VLOOKUP(Table2[[#This Row],[Part No.]],'[2]New Machine sheet'!$G$2:$I$90,3,0),0) -> 335.39978 | T10: =Table2[[#This Row],[cost per piece]]*Table2[[#This Row],[Total Rej. qty]] -> 335.39978 | U10: =IFERROR(VLOOKUP(Table2[[#This Row],[Non Conformance]],'[2]New defect code '!$B$2:$C$129,2,0),0) -> 3258 | V10: 18 | W10: =IFERROR(VLOOKUP(Table2[[#This Row],[Code4]],'[2]New Reason code'!$A$2:$D$77,2,0),0) -> During insert change | X10: =IFERROR(VLOOKUP(Table2[[#This Row],[Reason]],'[2]New Reason code'!$B$2:$D$77,2,0),0) -> Due to Settup | Y10: =IFERROR(VLOOKUP(Table2[[#This Row],[Rejection Identified at]],'[2]New Reason code'!$C$2:$D$77,2,0),0) -> skill
A11: 7 | B11: 43 | C11: =IFERROR(VLOOKUP(Table2[[#This Row],[Code]],'[2]New Machine sheet'!$A$1:$D$101,2,0),0) -> 252-05 | D11: =IFERROR(VLOOKUP(Table2[[#This Row],[M/c No]],'[2]New Machine sheet'!$B$1:$D$101,2,0),0) -> VMC | E11: =IFERROR(VLOOKUP(Table2[[#This Row],[M/c Name]],'[2]New Machine sheet'!$C$1:$D$101,2,0),0) -> VMC | F11: 155 | G11: =IFERROR(VLOOKUP(Table2[[#This Row],[Code2]],'[2]New Machine sheet'!$F$2:$I$64,2,),0) -> 24155 | H11: =IFERROR(VLOOKUP(Table2[[#This Row],[Code2]],'[2]New Machine sheet'!$F$2:$I$64,3,0),0) -> RE J1 | I11: Shubham | J11: 34 | K11: =IFERROR(VLOOKUP(Table2[[#This Row],[Code3]],'[2]New defect code '!$A$2:$D$129,2,0),0) -> Dowel hole not ok | L11: 01.09.26 | M11: 46266 | N11: 2 | R11: =SUBTOTAL(9,Table2[[#This Row],[1st]:[FQC]]) -> 2 | S11: =IFERROR(VLOOKUP(Table2[[#This Row],[Part No.]],'[2]New Machine sheet'!$G$2:$I$90,3,0),0) -> 107.67 | T11: =Table2[[#This Row],[cost per piece]]*Table2[[#This Row],[Total Rej. qty]] -> 215.34 | U11: =IFERROR(VLOOKUP(Table2[[#This Row],[Non Conformance]],'[2]New defect code '!$B$2:$C$129,2,0),0) -> 3221 | V11: 66 | W11: =IFERROR(VLOOKUP(Table2[[#This Row],[Code4]],'[2]New Reason code'!$A$2:$D$77,2,0),0) -> Wrong Loading | X11: =IFERROR(VLOOKUP(Table2[[#This Row],[Reason]],'[2]New Reason code'!$B$2:$D$77,2,0),0) -> Due to operator | Y11: =IFERROR(VLOOKUP(Table2[[#This Row],[Rejection Identified at]],'[2]New Reason code'!$C$2:$D$77,2,0),0) -> infrastructure
A12: 8 | B12: 4 | C12: =IFERROR(VLOOKUP(Table2[[#This Row],[Code]],'[2]New Machine sheet'!$A$1:$D$101,2,0),0) -> 282-04 | D12: =IFERROR(VLOOKUP(Table2[[#This Row],[M/c No]],'[2]New Machine sheet'!$B$1:$D$101,2,0),0) -> Mazak | E12: =IFERROR(VLOOKUP(Table2[[#This Row],[M/c Name]],'[2]New Machine sheet'!$C$1:$D$101,2,0),0) -> Turning | F12: 155 | G12: =IFERROR(VLOOKUP(Table2[[#This Row],[Code2]],'[2]New Machine sheet'!$F$2:$I$64,2,),0) -> 24155 | H12: =IFERROR(VLOOKUP(Table2[[#This Row],[Code2]],'[2]New Machine sheet'!$F$2:$I$64,3,0),0) -> RE J1 | I12: Aarti | J12: 5 | K12: =IFERROR(VLOOKUP(Table2[[#This Row],[Code3]],'[2]New defect code '!$A$2:$D$129,2,0),0) -> Bore Over size | L12: 01.09.26 | M12: 46266 | N12: 1 | R12: =SUBTOTAL(9,Table2[[#This Row],[1st]:[FQC]]) -> 1 | S12: =IFERROR(VLOOKUP(Table2[[#This Row],[Part No.]],'[2]New Machine sheet'!$G$2:$I$90,3,0),0) -> 107.67 | T12: =Table2[[#This Row],[cost per piece]]*Table2[[#This Row],[Total Rej. qty]] -> 107.67 | U12: =IFERROR(VLOOKUP(Table2[[#This Row],[Non Conformance]],'[2]New defect code '!$B$2:$C$129,2,0),0) -> 3243 | V12: 12 | W12: =IFERROR(VLOOKUP(Table2[[#This Row],[Code4]],'[2]New Reason code'!$A$2:$D$77,2,0),0) -> Double loading | X12: =IFERROR(VLOOKUP(Table2[[#This Row],[Reason]],'[2]New Reason code'!$B$2:$D$77,2,0),0) -> Due to operator | Y12: =IFERROR(VLOOKUP(Table2[[#This Row],[Rejection Identified at]],'[2]New Reason code'!$C$2:$D$77,2,0),0) -> infrastructure
A13: 9 | B13: 20 | C13: =IFERROR(VLOOKUP(Table2[[#This Row],[Code]],'[2]New Machine sheet'!$A$1:$D$101,2,0),0) -> 282-20 | D13: =IFERROR(VLOOKUP(Table2[[#This Row],[M/c No]],'[2]New Machine sheet'!$B$1:$D$101,2,0),0) -> Mazak | E13: =IFERROR(VLOOKUP(Table2[[#This Row],[M/c Name]],'[2]New Machine sheet'!$C$1:$D$101,2,0),0) -> Turning | F13: 115 | G13: =IFERROR(VLOOKUP(Table2[[#This Row],[Code2]],'[2]New Machine sheet'!$F$2:$I$64,2,),0) -> 24115 | H13: =IFERROR(VLOOKUP(Table2[[#This Row],[Code2]],'[2]New Machine sheet'!$F$2:$I$64,3,0),0) -> RE J1 | I13: Vika | J13: 5 | K13: =IFERROR(VLOOKUP(Table2[[#This Row],[Code3]],'[2]New defect code '!$A$2:$D$129,2,0),0) -> Bore Over size | L13: 01.09.26 | M13: 46266 | N13: 7 | R13: =SUBTOTAL(9,Table2[[#This Row],[1st]:[FQC]]) -> 7 | S13: =IFERROR(VLOOKUP(Table2[[#This Row],[Part No.]],'[2]New Machine sheet'!$G$2:$I$90,3,0),0) -> 66.9 | T13: =Table2[[#This Row],[cost per piece]]*Table2[[#This Row],[Total Rej. qty]] -> 468.3 | U13: =IFERROR(VLOOKUP(Table2[[#This Row],[Non Conformance]],'[2]New defect code '!$B$2:$C$129,2,0),0) -> 3243 | V13: 70 | W13: =IFERROR(VLOOKUP(Table2[[#This Row],[Code4]],'[2]New Reason code'!$A$2:$D$77,2,0),0) -> Insert Wear Out | X13: =IFERROR(VLOOKUP(Table2[[#This Row],[Reason]],'[2]New Reason code'!$B$2:$D$77,2,0),0) -> Line audit | Y13: =IFERROR(VLOOKUP(Table2[[#This Row],[Rejection Identified at]],'[2]New Reason code'!$C$2:$D$77,2,0),0) -> Process Issue
A14: 10 | B14: 5 | C14: =IFERROR(VLOOKUP(Table2[[#This Row],[Code]],'[2]New Machine sheet'!$A$1:$D$101,2,0),0) -> 282-05 | D14: =IFERROR(VLOOKUP(Table2[[#This Row],[M/c No]],'[2]New Machine sheet'!$B$1:$D$101,2,0),0) -> Mazak | E14: =IFERROR(VLOOKUP(Table2[[#This Row],[M/c Name]],'[2]New Machine sheet'!$C$1:$D$101,2,0),0) -> Turning | F14: 119 | G14: =IFERROR(VLOOKUP(Table2[[#This Row],[Code2]],'[2]New Machine sheet'!$F$2:$I$64,2,),0) -> 24119 | H14: =IFERROR(VLOOKUP(Table2[[#This Row],[Code2]],'[2]New Machine sheet'!$F$2:$I$64,3,0),0) -> RE J1 | I14: Vasna | J14: 5 | K14: =IFERROR(VLOOKUP(Table2[[#This Row],[Code3]],'[2]New defect code '!$A$2:$D$129,2,0),0) -> Bore Over size | L14: 01.09.26 | M14: 46266 | N14: 2 | R14: =SUBTOTAL(9,Table2[[#This Row],[1st]:[FQC]]) -> 2 | S14: =IFERROR(VLOOKUP(Table2[[#This Row],[Part No.]],'[2]New Machine sheet'!$G$2:$I$90,3,0),0) -> 103.2 | T14: =Table2[[#This Row],[cost per piece]]*Table2[[#This Row],[Total Rej. qty]] -> 206.4 | U14: =IFERROR(VLOOKUP(Table2[[#This Row],[Non Conformance]],'[2]New defect code '!$B$2:$C$129,2,0),0) -> 3243 | V14: 18 | W14: =IFERROR(VLOOKUP(Table2[[#This Row],[Code4]],'[2]New Reason code'!$A$2:$D$77,2,0),0) -> During insert change | X14: =IFERROR(VLOOKUP(Table2[[#This Row],[Reason]],'[2]New Reason code'!$B$2:$D$77,2,0),0) -> Due to Settup | Y14: =IFERROR(VLOOKUP(Table2[[#This Row],[Rejection Identified at]],'[2]New Reason code'!$C$2:$D$77,2,0),0) -> skill
A15: 11 | B15: 8 | C15: =IFERROR(VLOOKUP(Table2[[#This Row],[Code]],'[2]New Machine sheet'!$A$1:$D$101,2,0),0) -> 282-08 | D15: =IFERROR(VLOOKUP(Table2[[#This Row],[M/c No]],'[2]New Machine sheet'!$B$1:$D$101,2,0),0) -> Mazak | E15: =IFERROR(VLOOKUP(Table2[[#This Row],[M/c Name]],'[2]New Machine sheet'!$C$1:$D$101,2,0),0) -> Turning | F15: 117 | G15: =IFERROR(VLOOKUP(Table2[[#This Row],[Code2]],'[2]New Machine sheet'!$F$2:$I$64,2,),0) -> 24117 | H15: =IFERROR(VLOOKUP(Table2[[#This Row],[Code2]],'[2]New Machine sheet'!$F$2:$I$64,3,0),0) -> RE J1 | I15: Sonu | J15: 5 | K15: =IFERROR(VLOOKUP(Table2[[#This Row],[Code3]],'[2]New defect code '!$A$2:$D$129,2,0),0) -> Bore Over size | L15: 01.09.26 | M15: 46266 | N15: 1 | R15: =SUBTOTAL(9,Table2[[#This Row],[1st]:[FQC]]) -> 1 | S15: =IFERROR(VLOOKUP(Table2[[#This Row],[Part No.]],'[2]New Machine sheet'!$G$2:$I$90,3,0),0) -> 111.97 | T15: =Table2[[#This Row],[cost per piece]]*Table2[[#This Row],[Total Rej. qty]] -> 111.97 | U15: =IFERROR(VLOOKUP(Table2[[#This Row],[Non Conformance]],'[2]New defect code '!$B$2:$C$129,2,0),0) -> 3243 | V15: 18 | W15: =IFERROR(VLOOKUP(Table2[[#This Row],[Code4]],'[2]New Reason code'!$A$2:$D$77,2,0),0) -> During insert change | X15: =IFERROR(VLOOKUP(Table2[[#This Row],[Reason]],'[2]New Reason code'!$B$2:$D$77,2,0),0) -> Due to Settup | Y15: =IFERROR(VLOOKUP(Table2[[#This Row],[Rejection Identified at]],'[2]New Reason code'!$C$2:$D$77,2,0),0) -> skill
A16: 12 | B16: 10 | C16: =IFERROR(VLOOKUP(Table2[[#This Row],[Code]],'[2]New Machine sheet'!$A$1:$D$101,2,0),0) -> 282-10 | D16: =IFERROR(VLOOKUP(Table2[[#This Row],[M/c No]],'[2]New Machine sheet'!$B$1:$D$101,2,0),0) -> Mazak | E16: =IFERROR(VLOOKUP(Table2[[#This Row],[M/c Name]],'[2]New Machine sheet'!$C$1:$D$101,2,0),0) -> Turning | F16: 155 | G16: =IFERROR(VLOOKUP(Table2[[#This Row],[Code2]],'[2]New Machine sheet'!$F$2:$I$64,2,),0) -> 24155 | H16: =IFERROR(VLOOKUP(Table2[[#This Row],[Code2]],'[2]New Machine sheet'!$F$2:$I$64,3,0),0) -> RE J1 | I16: Ritu | J16: 5 | K16: =IFERROR(VLOOKUP(Table2[[#This Row],[Code3]],'[2]New defect code '!$A$2:$D$129,2,0),0) -> Bore Over size | L16: 01.09.26 | M16: 46266 | N16: 1 | R16: =SUBTOTAL(9,Table2[[#This Row],[1st]:[FQC]]) -> 1 | S16: =IFERROR(VLOOKUP(Table2[[#This Row],[Part No.]],'[2]New Machine sheet'!$G$2:$I$90,3,0),0) -> 107.67 | T16: =Table2[[#This Row],[cost per piece]]*Table2[[#This Row],[Total Rej. qty]] -> 107.67 | U16: =IFERROR(VLOOKUP(Table2[[#This Row],[Non Conformance]],'[2]New defect code '!$B$2:$C$129,2,0),0) -> 3243 | V16: 18 | W16: =IFERROR(VLOOKUP(Table2[[#This Row],[Code4]],'[2]New Reason code'!$A$2:$D$77,2,0),0) -> During insert change | X16: =IFERROR(VLOOKUP(Table2[[#This Row],[Reason]],'[2]New Reason code'!$B$2:$D$77,2,0),0) -> Due to Settup | Y16: =IFERROR(VLOOKUP(Table2[[#This Row],[Rejection Identified at]],'[2]New Reason code'!$C$2:$D$77,2,0),0) -> skill
A17: 13 | C17: ACE-23 | D17: Micromatic | E17: =IFERROR(VLOOKUP(Table2[[#This Row],[M/c Name]],'[2]New Machine sheet'!$C$1:$D$101,2,0),0) -> Turning | F17: 119 | G17: =IFERROR(VLOOKUP(Table2[[#This Row],[Code2]],'[2]New Machine sheet'!$F$2:$I$64,2,),0) -> 24119 | H17: =IFERROR(VLOOKUP(Table2[[#This Row],[Code2]],'[2]New Machine sheet'!$F$2:$I$64,3,0),0) -> RE J1 | I17: Aarti | J17: 5 | K17: =IFERROR(VLOOKUP(Table2[[#This Row],[Code3]],'[2]New defect code '!$A$2:$D$129,2,0),0) -> Bore Over size | L17: 01.09.26 | M17: 46266 | N17: 1 | R17: =SUBTOTAL(9,Table2[[#This Row],[1st]:[FQC]]) -> 1 | S17: =IFERROR(VLOOKUP(Table2[[#This Row],[Part No.]],'[2]New Machine sheet'!$G$2:$I$90,3,0),0) -> 103.2 | T17: =Table2[[#This Row],[cost per piece]]*Table2[[#This Row],[Total Rej. qty]] -> 103.2 | U17: =IFERROR(VLOOKUP(Table2[[#This Row],[Non Conformance]],'[2]New defect code '!$B$2:$C$129,2,0),0) -> 3243 | V17: 45 | W17: =IFERROR(VLOOKUP(Table2[[#This Row],[Code4]],'[2]New Reason code'!$A$2:$D$77,2,0),0) -> Running m/c | X17: =IFERROR(VLOOKUP(Table2[[#This Row],[Reason]],'[2]New Reason code'!$B$2:$D$77,2,0),0) -> Due to machine | Y17: =IFERROR(VLOOKUP(Table2[[#This Row],[Rejection Identified at]],'[2]New Reason code'!$C$2:$D$77,2,0),0) -> process
A18: 14 | B18: 21 | C18: =IFERROR(VLOOKUP(Table2[[#This Row],[Code]],'[2]New Machine sheet'!$A$1:$D$101,2,0),0) -> ACE-01 | D18: =IFERROR(VLOOKUP(Table2[[#This Row],[M/c No]],'[2]New Machine sheet'!$B$1:$D$101,2,0),0) -> Micromatic | E18: =IFERROR(VLOOKUP(Table2[[#This Row],[M/c Name]],'[2]New Machine sheet'!$C$1:$D$101,2,0),0) -> Turning | F18: 121 | G18: =IFERROR(VLOOKUP(Table2[[#This Row],[Code2]],'[2]New Machine sheet'!$F$2:$I$64,2,),0) -> 24121 | H18: =IFERROR(VLOOKUP(Table2[[#This Row],[Code2]],'[2]New Machine sheet'!$F$2:$I$64,3,0),0) -> RE J1 | I18: Deepak | J18: 5 | K18: =IFERROR(VLOOKUP(Table2[[#This Row],[Code3]],'[2]New defect code '!$A$2:$D$129,2,0),0) -> Bore Over size | L18: 01.09.26 | M18: 46266 | N18: 1 | R18: =SUBTOTAL(9,Table2[[#This Row],[1st]:[FQC]]) -> 1 | S18: =IFERROR(VLOOKUP(Table2[[#This Row],[Part No.]],'[2]New Machine sheet'!$G$2:$I$90,3,0),0) -> 135.67 | T18: =Table2[[#This Row],[cost per piece]]*Table2[[#This Row],[Total Rej. qty]] -> 135.67 | U18: =IFERROR(VLOOKUP(Table2[[#This Row],[Non Conformance]],'[2]New defect code '!$B$2:$C$129,2,0),0) -> 3243 | V18: 12 | W18: =IFERROR(VLOOKUP(Table2[[#This Row],[Code4]],'[2]New Reason code'!$A$2:$D$77,2,0),0) -> Double loading | X18: =IFERROR(VLOOKUP(Table2[[#This Row],[Reason]],'[2]New Reason code'!$B$2:$D$77,2,0),0) -> Due to operator | Y18: =IFERROR(VLOOKUP(Table2[[#This Row],[Rejection Identified at]],'[2]New Reason code'!$C$2:$D$77,2,0),0) -> infrastructure
A19: 15 | B19: 14 | C19: =IFERROR(VLOOKUP(Table2[[#This Row],[Code]],'[2]New Machine sheet'!$A$1:$D$101,2,0),0) -> 282-14 | D19: =IFERROR(VLOOKUP(Table2[[#This Row],[M/c No]],'[2]New Machine sheet'!$B$1:$D$101,2,0),0) -> Mazak | E19: =IFERROR(VLOOKUP(Table2[[#This Row],[M/c Name]],'[2]New Machine sheet'!$C$1:$D$101,2,0),0) -> Turning | F19: 155 | G19: =IFERROR(VLOOKUP(Table2[[#This Row],[Code2]],'[2]New Machine sheet'!$F$2:$I$64,2,),0) -> 24155 | H19: =IFERROR(VLOOKUP(Table2[[#This Row],[Code2]],'[2]New Machine sheet'!$F$2:$I$64,3,0),0) -> RE J1 | I19: Aarti | J19: 93 | K19: =IFERROR(VLOOKUP(Table2[[#This Row],[Code3]],'[2]New defect code '!$A$2:$D$129,2,0),0) -> Thickness Under size | L19: 01.09.26 | M19: 46266 | N19: 1 | R19: =SUBTOTAL(9,Table2[[#This Row],[1st]:[FQC]]) -> 1 | S19: =IFERROR(VLOOKUP(Table2[[#This Row],[Part No.]],'[2]New Machine sheet'!$G$2:$I$90,3,0),0) -> 107.67 | T19: =Table2[[#This Row],[cost per piece]]*Table2[[#This Row],[Total Rej. qty]] -> 107.67 | U19: =IFERROR(VLOOKUP(Table2[[#This Row],[Non Conformance]],'[2]New defect code '!$B$2:$C$129,2,0),0) -> 3258 | V19: 18 | W19: =IFERROR(VLOOKUP(Table2[[#This Row],[Code4]],'[2]New Reason code'!$A$2:$D$77,2,0),0) -> During insert change | X19: =IFERROR(VLOOKUP(Table2[[#This Row],[Reason]],'[2]New Reason code'!$B$2:$D$77,2,0),0) -> Due to Settup | Y19: =IFERROR(VLOOKUP(Table2[[#This Row],[Rejection Identified at]],'[2]New Reason code'!$C$2:$D$77,2,0),0) -> skill
A20: 16 | B20: 20 | C20: =IFERROR(VLOOKUP(Table2[[#This Row],[Code]],'[2]New Machine sheet'!$A$1:$D$101,2,0),0) -> 282-20 | D20: =IFERROR(VLOOKUP(Table2[[#This Row],[M/c No]],'[2]New Machine sheet'!$B$1:$D$101,2,0),0) -> Mazak | E20: =IFERROR(VLOOKUP(Table2[[#This Row],[M/c Name]],'[2]New Machine sheet'!$C$1:$D$101,2,0),0) -> Turning | F20: 115 | G20: =IFERROR(VLOOKUP(Table2[[#This Row],[Code2]],'[2]New Machine sheet'!$F$2:$I$64,2,),0) -> 24115 | H20: =IFERROR(VLOOKUP(Table2[[#This Row],[Code2]],'[2]New Machine sheet'!$F$2:$I$64,3,0),0) -> RE J1 | J20: 5 | K20: =IFERROR(VLOOKUP(Table2[[#This Row],[Code3]],'[2]New defect code '!$A$2:$D$129,2,0),0) -> Bore Over size | L20: 01.09.26 | M20: 46266 | N20: 9 | R20: =SUBTOTAL(9,Table2[[#This Row],[1st]:[FQC]]) -> 9 | S20: =IFERROR(VLOOKUP(Table2[[#This Row],[Part No.]],'[2]New Machine sheet'!$G$2:$I$90,3,0),0) -> 66.9 | T20: =Table2[[#This Row],[cost per piece]]*Table2[[#This Row],[Total Rej. qty]] -> 602.1 | U20: =IFERROR(VLOOKUP(Table2[[#This Row],[Non Conformance]],'[2]New defect code '!$B$2:$C$129,2,0),0) -> 3243 | V20: 19 | W20: =IFERROR(VLOOKUP(Table2[[#This Row],[Code4]],'[2]New Reason code'!$A$2:$D$77,2,0),0) -> During Rework time | X20: =IFERROR(VLOOKUP(Table2[[#This Row],[Reason]],'[2]New Reason code'!$B$2:$D$77,2,0),0) -> Due to operator | Y20: =IFERROR(VLOOKUP(Table2[[#This Row],[Rejection Identified at]],'[2]New Reason code'!$C$2:$D$77,2,0),0) -> infrastructure
A21: 17 | B21: 20 | C21: =IFERROR(VLOOKUP(Table2[[#This Row],[Code]],'[2]New Machine sheet'!$A$1:$D$101,2,0),0) -> 282-20 | D21: =IFERROR(VLOOKUP(Table2[[#This Row],[M/c No]],'[2]New Machine sheet'!$B$1:$D$101,2,0),0) -> Mazak | E21: =IFERROR(VLOOKUP(Table2[[#This Row],[M/c Name]],'[2]New Machine sheet'!$C$1:$D$101,2,0),0) -> Turning | F21: 115 | G21: =IFERROR(VLOOKUP(Table2[[#This Row],[Code2]],'[2]New Machine sheet'!$F$2:$I$64,2,),0) -> 24115 | H21: =IFERROR(VLOOKUP(Table2[[#This Row],[Code2]],'[2]New Machine sheet'!$F$2:$I$64,3,0),0) -> RE J1 | J21: 93 | K21: =IFERROR(VLOOKUP(Table2[[#This Row],[Code3]],'[2]New defect code '!$A$2:$D$129,2,0),0) -> Thickness Under size | L21: 01.09.26 | M21: 46266 | N21: 6 | R21: =SUBTOTAL(9,Table2[[#This Row],[1st]:[FQC]]) -> 6 | S21: =IFERROR(VLOOKUP(Table2[[#This Row],[Part No.]],'[2]New Machine sheet'!$G$2:$I$90,3,0),0) -> 66.9 | T21: =Table2[[#This Row],[cost per piece]]*Table2[[#This Row],[Total Rej. qty]] -> 401.4 | U21: =IFERROR(VLOOKUP(Table2[[#This Row],[Non Conformance]],'[2]New defect code '!$B$2:$C$129,2,0),0) -> 3258 | V21: 19 | W21: =IFERROR(VLOOKUP(Table2[[#This Row],[Code4]],'[2]New Reason code'!$A$2:$D$77,2,0),0) -> During Rework time | X21: =IFERROR(VLOOKUP(Table2[[#This Row],[Reason]],'[2]New Reason code'!$B$2:$D$77,2,0),0) -> Due to operator | Y21: =IFERROR(VLOOKUP(Table2[[#This Row],[Rejection Identified at]],'[2]New Reason code'!$C$2:$D$77,2,0),0) -> infrastructure
A22: 18 | B22: 13 | C22: =IFERROR(VLOOKUP(Table2[[#This Row],[Code]],'[2]New Machine sheet'!$A$1:$D$101,2,0),0) -> 282-13 | D22: =IFERROR(VLOOKUP(Table2[[#This Row],[M/c No]],'[2]New Machine sheet'!$B$1:$D$101,2,0),0) -> Mazak | E22: =IFERROR(VLOOKUP(Table2[[#This Row],[M/c Name]],'[2]New Machine sheet'!$C$1:$D$101,2,0),0) -> Turning | F22: 113 | G22: =IFERROR(VLOOKUP(Table2[[#This Row],[Code2]],'[2]New Machine sheet'!$F$2:$I$64,2,),0) -> 24113 | H22: =IFERROR(VLOOKUP(Table2[[#This Row],[Code2]],'[2]New Machine sheet'!$F$2:$I$64,3,0),0) -> RE J1 | I22: Ravendra | J22: 5 | K22: =IFERROR(VLOOKUP(Table2[[#This Row],[Code3]],'[2]New defect code '!$A$2:$D$129,2,0),0) -> Bore Over size | L22: 01.09.26 | M22: 46266 | N22: 9 | R22: =SUBTOTAL(9,Table2[[#This Row],[1st]:[FQC]]) -> 9 | S22: =IFERROR(VLOOKUP(Table2[[#This Row],[Part No.]],'[2]New Machine sheet'!$G$2:$I$90,3,0),0) -> 90 | T22: =Table2[[#This Row],[cost per piece]]*Table2[[#This Row],[Total Rej. qty]] -> 810 | U22: =IFERROR(VLOOKUP(Table2[[#This Row],[Non Conformance]],'[2]New defect code '!$B$2:$C$129,2,0),0) -> 3243 | V22: 19 | W22: =IFERROR(VLOOKUP(Table2[[#This Row],[Code4]],'[2]New Reason code'!$A$2:$D$77,2,0),0) -> During Rework time | X22: =IFERROR(VLOOKUP(Table2[[#This Row],[Reason]],'[2]New Reason code'!$B$2:$D$77,2,0),0) -> Due to operator | Y22: =IFERROR(VLOOKUP(Table2[[#This Row],[Rejection Identified at]],'[2]New Reason code'!$C$2:$D$77,2,0),0) -> infrastructure
A23: 19 | B23: 13 | C23: =IFERROR(VLOOKUP(Table2[[#This Row],[Code]],'[2]New Machine sheet'!$A$1:$D$101,2,0),0) -> 282-13 | D23: =IFERROR(VLOOKUP(Table2[[#This Row],[M/c No]],'[2]New Machine sheet'!$B$1:$D$101,2,0),0) -> Mazak | E23: =IFERROR(VLOOKUP(Table2[[#This Row],[M/c Name]],'[2]New Machine sheet'!$C$1:$D$101,2,0),0) -> Turning | F23: 113 | G23: =IFERROR(VLOOKUP(Table2[[#This Row],[Code2]],'[2]New Machine sheet'!$F$2:$I$64,2,),0) -> 24113 | H23: =IFERROR(VLOOKUP(Table2[[#This Row],[Code2]],'[2]New Machine sheet'!$F$2:$I$64,3,0),0) -> RE J1 | I23: Ravendra | J23: 93 | K23: =IFERROR(VLOOKUP(Table2[[#This Row],[Code3]],'[2]New defect code '!$A$2:$D$129,2,0),0) -> Thickness Under size | L23: 01.09.26 | M23: 46266 | N23: 8 | R23: =SUBTOTAL(9,Table2[[#This Row],[1st]:[FQC]]) -> 8 | S23: =IFERROR(VLOOKUP(Table2[[#This Row],[Part No.]],'[2]New Machine sheet'!$G$2:$I$90,3,0),0) -> 90 | T23: =Table2[[#This Row],[cost per piece]]*Table2[[#This Row],[Total Rej. qty]] -> 720 | U23: =IFERROR(VLOOKUP(Table2[[#This Row],[Non Conformance]],'[2]New defect code '!$B$2:$C$129,2,0),0) -> 3258 | V23: 19 | W23: =IFERROR(VLOOKUP(Table2[[#This Row],[Code4]],'[2]New Reason code'!$A$2:$D$77,2,0),0) -> During Rework time | X23: =IFERROR(VLOOKUP(Table2[[#This Row],[Reason]],'[2]New Reason code'!$B$2:$D$77,2,0),0) -> Due to operator | Y23: =IFERROR(VLOOKUP(Table2[[#This Row],[Rejection Identified at]],'[2]New Reason code'!$C$2:$D$77,2,0),0) -> infrastructure
A24: 20 | B24: 21 | C24: =IFERROR(VLOOKUP(Table2[[#This Row],[Code]],'[2]New Machine sheet'!$A$1:$D$101,2,0),0) -> ACE-01 | D24: =IFERROR(VLOOKUP(Table2[[#This Row],[M/c No]],'[2]New Machine sheet'!$B$1:$D$101,2,0),0) -> Micromatic | E24: =IFERROR(VLOOKUP(Table2[[#This Row],[M/c Name]],'[2]New Machine sheet'!$C$1:$D$101,2,0),0) -> Turning | F24: 121 | G24: =IFERROR(VLOOKUP(Table2[[#This Row],[Code2]],'[2]New Machine sheet'!$F$2:$I$64,2,),0) -> 24121 | H24: =IFERROR(VLOOKUP(Table2[[#This Row],[Code2]],'[2]New Machine sheet'!$F$2:$I$64,3,0),0) -> RE J1 | J24: 5 | K24: =IFERROR(VLOOKUP(Table2[[#This Row],[Code3]],'[2]New defect code '!$A$2:$D$129,2,0),0) -> Bore Over size | L24: 01.09.26 | M24: 46266 | N24: 3 | R24: =SUBTOTAL(9,Table2[[#This Row],[1st]:[FQC]]) -> 3 | S24: =IFERROR(VLOOKUP(Table2[[#This Row],[Part No.]],'[2]New Machine sheet'!$G$2:$I$90,3,0),0) -> 135.67 | T24: =Table2[[#This Row],[cost per piece]]*Table2[[#This Row],[Total Rej. qty]] -> 407.01 | U24: =IFERROR(VLOOKUP(Table2[[#This Row],[Non Conformance]],'[2]New defect code '!$B$2:$C$129,2,0),0) -> 3243 | V24: 64 | W24: =IFERROR(VLOOKUP(Table2[[#This Row],[Code4]],'[2]New Reason code'!$A$2:$D$77,2,0),0) -> Wrong correction | X24: =IFERROR(VLOOKUP(Table2[[#This Row],[Reason]],'[2]New Reason code'!$B$2:$D$77,2,0),0) -> Due to operator | Y24: =IFERROR(VLOOKUP(Table2[[#This Row],[Rejection Identified at]],'[2]New Reason code'!$C$2:$D$77,2,0),0) -> infrastructure
A25: 21 | B25: 13 | C25: =IFERROR(VLOOKUP(Table2[[#This Row],[Code]],'[2]New Machine sheet'!$A$1:$D$101,2,0),0) -> 282-13 | D25: =IFERROR(VLOOKUP(Table2[[#This Row],[M/c No]],'[2]New Machine sheet'!$B$1:$D$101,2,0),0) -> Mazak | E25: =IFERROR(VLOOKUP(Table2[[#This Row],[M/c Name]],'[2]New Machine sheet'!$C$1:$D$101,2,0),0) -> Turning | F25: 113 | G25: =IFERROR(VLOOKUP(Table2[[#This Row],[Code2]],'[2]New Machine sheet'!$F$2:$I$64,2,),0) -> 24113 | H25: =IFERROR(VLOOKUP(Table2[[#This Row],[Code2]],'[2]New Machine sheet'!$F$2:$I$64,3,0),0) -> RE J1 | I25: Ravendra | J25: 5 | K25: =IFERROR(VLOOKUP(Table2[[#This Row],[Code3]],'[2]New defect code '!$A$2:$D$129,2,0),0) -> Bore Over size | L25: 01.09.26 | M25: 46266 | N25: 10 | R25: =SUBTOTAL(9,Table2[[#This Row],[1st]:[FQC]]) -> 10 | S25: =IFERROR(VLOOKUP(Table2[[#This Row],[Part No.]],'[2]New Machine sheet'!$G$2:$I$90,3,0),0) -> 90 | T25: =Table2[[#This Row],[cost per piece]]*Table2[[#This Row],[Total Rej. qty]] -> 900 | U25: =IFERROR(VLOOKUP(Table2[[#This Row],[Non Conformance]],'[2]New defect code '!$B$2:$C$129,2,0),0) -> 3243 | V25: 19 | W25: =IFERROR(VLOOKUP(Table2[[#This Row],[Code4]],'[2]New Reason code'!$A$2:$D$77,2,0),0) -> During Rework time | X25: =IFERROR(VLOOKUP(Table2[[#This Row],[Reason]],'[2]New Reason code'!$B$2:$D$77,2,0),0) -> Due to operator | Y25: =IFERROR(VLOOKUP(Table2[[#This Row],[Rejection Identified at]],'[2]New Reason code'!$C$2:$D$77,2,0),0) -> infrastructure
A26: 22 | B26: 2 | C26: =IFERROR(VLOOKUP(Table2[[#This Row],[Code]],'[2]New Machine sheet'!$A$1:$D$101,2,0),0) -> 282-02 | D26: =IFERROR(VLOOKUP(Table2[[#This Row],[M/c No]],'[2]New Machine sheet'!$B$1:$D$101,2,0),0) -> Mazak | E26: =IFERROR(VLOOKUP(Table2[[#This Row],[M/c Name]],'[2]New Machine sheet'!$C$1:$D$101,2,0),0) -> Turning | F26: 75 | G26: =IFERROR(VLOOKUP(Table2[[#This Row],[Code2]],'[2]New Machine sheet'!$F$2:$I$64,2,),0) -> 2475 | H26: =IFERROR(VLOOKUP(Table2[[#This Row],[Code2]],'[2]New Machine sheet'!$F$2:$I$64,3,0),0) -> RE P1 | I26: Varsha | J26: 5 | K26: =IFERROR(VLOOKUP(Table2[[#This Row],[Code3]],'[2]New defect code '!$A$2:$D$129,2,0),0) -> Bore Over size | L26: 01.09.26 | M26: 46266 | N26: 4 | R26: =SUBTOTAL(9,Table2[[#This Row],[1st]:[FQC]]) -> 4 | S26: =IFERROR(VLOOKUP(Table2[[#This Row],[Part No.]],'[2]New Machine sheet'!$G$2:$I$90,3,0),0) -> 138.77 | T26: =Table2[[#This Row],[cost per piece]]*Table2[[#This Row],[Total Rej. qty]] -> 555.08 | U26: =IFERROR(VLOOKUP(Table2[[#This Row],[Non Conformance]],'[2]New defect code '!$B$2:$C$129,2,0),0) -> 3243 | V26: 19 | W26: =IFERROR(VLOOKUP(Table2[[#This Row],[Code4]],'[2]New Reason code'!$A$2:$D$77,2,0),0) -> During Rework time | X26: =IFERROR(VLOOKUP(Table2[[#This Row],[Reason]],'[2]New Reason code'!$B$2:$D$77,2,0),0) -> Due to operator | Y26: =IFERROR(VLOOKUP(Table2[[#This Row],[Rejection Identified at]],'[2]New Reason code'!$C$2:$D$77,2,0),0) -> infrastructure
A27: 23 | B27: 45 | C27: =IFERROR(VLOOKUP(Table2[[#This Row],[Code]],'[2]New Machine sheet'!$A$1:$D$101,2,0),0) -> MURATEC-01 | D27: =IFERROR(VLOOKUP(Table2[[#This Row],[M/c No]],'[2]New Machine sheet'!$B$1:$D$101,2,0),0) -> MURATEC | E27: =IFERROR(VLOOKUP(Table2[[#This Row],[M/c Name]],'[2]New Machine sheet'!$C$1:$D$101,2,0),0) -> turning | F27: 172 | G27: =IFERROR(VLOOKUP(Table2[[#This Row],[Code2]],'[2]New Machine sheet'!$F$2:$I$64,2,),0) -> 24172 | H27: =IFERROR(VLOOKUP(Table2[[#This Row],[Code2]],'[2]New Machine sheet'!$F$2:$I$64,3,0),0) -> RE J1 | I27: Amar | J27: 66 | K27: =IFERROR(VLOOKUP(Table2[[#This Row],[Code3]],'[2]New defect code '!$A$2:$D$129,2,0),0) -> OD Under Size | L27: 01.09.26 | M27: 46266 | N27: 1 | R27: =SUBTOTAL(9,Table2[[#This Row],[1st]:[FQC]]) -> 1 | S27: =IFERROR(VLOOKUP(Table2[[#This Row],[Part No.]],'[2]New Machine sheet'!$G$2:$I$90,3,0),0) -> 348.33 | T27: =Table2[[#This Row],[cost per piece]]*Table2[[#This Row],[Total Rej. qty]] -> 348.33 | U27: =IFERROR(VLOOKUP(Table2[[#This Row],[Non Conformance]],'[2]New defect code '!$B$2:$C$129,2,0),0) -> 3242 | V27: 21 | W27: =IFERROR(VLOOKUP(Table2[[#This Row],[Code4]],'[2]New Reason code'!$A$2:$D$77,2,0),0) -> During setup time | X27: =IFERROR(VLOOKUP(Table2[[#This Row],[Reason]],'[2]New Reason code'!$B$2:$D$77,2,0),0) -> Due to Settup | Y27: =IFERROR(VLOOKUP(Table2[[#This Row],[Rejection Identified at]],'[2]New Reason code'!$C$2:$D$77,2,0),0) -> skill
A28: 24 | B28: 47 | C28: =IFERROR(VLOOKUP(Table2[[#This Row],[Code]],'[2]New Machine sheet'!$A$1:$D$101,2,0),0) -> MURATEC-03 | D28: =IFERROR(VLOOKUP(Table2[[#This Row],[M/c No]],'[2]New Machine sheet'!$B$1:$D$101,2,0),0) -> MURATEC | E28: =IFERROR(VLOOKUP(Table2[[#This Row],[M/c Name]],'[2]New Machine sheet'!$C$1:$D$101,2,0),0) -> turning | F28: 127 | G28: =IFERROR(VLOOKUP(Table2[[#This Row],[Code2]],'[2]New Machine sheet'!$F$2:$I$64,2,),0) -> 24127 | H28: =IFERROR(VLOOKUP(Table2[[#This Row],[Code2]],'[2]New Machine sheet'!$F$2:$I$64,3,0),0) -> RE J1 | I28: Amar | J28: 66 | K28: =IFERROR(VLOOKUP(Table2[[#This Row],[Code3]],'[2]New defect code '!$A$2:$D$129,2,0),0) -> OD Under Size | L28: 01.09.26 | M28: 46266 | N28: 1 | R28: =SUBTOTAL(9,Table2[[#This Row],[1st]:[FQC]]) -> 1 | S28: =IFERROR(VLOOKUP(Table2[[#This Row],[Part No.]],'[2]New Machine sheet'!$G$2:$I$90,3,0),0) -> 262.812 | T28: =Table2[[#This Row],[cost per piece]]*Table2[[#This Row],[Total Rej. qty]] -> 262.812 | U28: =IFERROR(VLOOKUP(Table2[[#This Row],[Non Conformance]],'[2]New defect code '!$B$2:$C$129,2,0),0) -> 3242 | V28: 18 | W28: =IFERROR(VLOOKUP(Table2[[#This Row],[Code4]],'[2]New Reason code'!$A$2:$D$77,2,0),0) -> During insert change | X28: =IFERROR(VLOOKUP(Table2[[#This Row],[Reason]],'[2]New Reason code'!$B$2:$D$77,2,0),0) -> Due to Settup | Y28: =IFERROR(VLOOKUP(Table2[[#This Row],[Rejection Identified at]],'[2]New Reason code'!$C$2:$D$77,2,0),0) -> skill
A29: 25 | B29: 22 | C29: =IFERROR(VLOOKUP(Table2[[#This Row],[Code]],'[2]New Machine sheet'!$A$1:$D$101,2,0),0) -> ACE-02 | D29: =IFERROR(VLOOKUP(Table2[[#This Row],[M/c No]],'[2]New Machine sheet'!$B$1:$D$101,2,0),0) -> Micromatic | E29: =IFERROR(VLOOKUP(Table2[[#This Row],[M/c Name]],'[2]New Machine sheet'!$C$1:$D$101,2,0),0) -> Turning | F29: 178 | G29: =IFERROR(VLOOKUP(Table2[[#This Row],[Code2]],'[2]New Machine sheet'!$F$2:$I$64,2,),0) -> 24178 | H29: =IFERROR(VLOOKUP(Table2[[#This Row],[Code2]],'[2]New Machine sheet'!$F$2:$I$64,3,0),0) -> RE J1 | I29: Devraj | J29: 5 | K29: =IFERROR(VLOOKUP(Table2[[#This Row],[Code3]],'[2]New defect code '!$A$2:$D$129,2,0),0) -> Bore Over size | L29: 01.09.26 | M29: 46266 | N29: 1 | R29: =SUBTOTAL(9,Table2[[#This Row],[1st]:[FQC]]) -> 1 | S29: =IFERROR(VLOOKUP(Table2[[#This Row],[Part No.]],'[2]New Machine sheet'!$G$2:$I$90,3,0),0) -> 70.62 | T29: =Table2[[#This Row],[cost per piece]]*Table2[[#This Row],[Total Rej. qty]] -> 70.62 | U29: =IFERROR(VLOOKUP(Table2[[#This Row],[Non Conformance]],'[2]New defect code '!$B$2:$C$129,2,0),0) -> 3243 | V29: 18 | W29: =IFERROR(VLOOKUP(Table2[[#This Row],[Code4]],'[2]New Reason code'!$A$2:$D$77,2,0),0) -> During insert change | X29: =IFERROR(VLOOKUP(Table2[[#This Row],[Reason]],'[2]New Reason code'!$B$2:$D$77,2,0),0) -> Due to Settup | Y29: =IFERROR(VLOOKUP(Table2[[#This Row],[Rejection Identified at]],'[2]New Reason code'!$C$2:$D$77,2,0),0) -> skill
A30: 26 | B30: 10 | C30: =IFERROR(VLOOKUP(Table2[[#This Row],[Code]],'[2]New Machine sheet'!$A$1:$D$101,2,0),0) -> 282-10 | D30: =IFERROR(VLOOKUP(Table2[[#This Row],[M/c No]],'[2]New Machine sheet'!$B$1:$D$101,2,0),0) -> Mazak | E30: =IFERROR(VLOOKUP(Table2[[#This Row],[M/c Name]],'[2]New Machine sheet'!$C$1:$D$101,2,0),0) -> Turning | F30: 155 | G30: =IFERROR(VLOOKUP(Table2[[#This Row],[Code2]],'[2]New Machine sheet'!$F$2:$I$64,2,),0) -> 24155 | H30: =IFERROR(VLOOKUP(Table2[[#This Row],[Code2]],'[2]New Machine sheet'!$F$2:$I$64,3,0),0) -> RE J1 | I30: Ritu | J30: 5 | K30: =IFERROR(VLOOKUP(Table2[[#This Row],[Code3]],'[2]New defect code '!$A$2:$D$129,2,0),0) -> Bore Over size | L30: 01.09.26 | M30: 46266 | N30: 1 | R30: =SUBTOTAL(9,Table2[[#This Row],[1st]:[FQC]]) -> 1 | S30: =IFERROR(VLOOKUP(Table2[[#This Row],[Part No.]],'[2]New Machine sheet'!$G$2:$I$90,3,0),0) -> 107.67 | T30: =Table2[[#This Row],[cost per piece]]*Table2[[#This Row],[Total Rej. qty]] -> 107.67 | U30: =IFERROR(VLOOKUP(Table2[[#This Row],[Non Conformance]],'[2]New defect code '!$B$2:$C$129,2,0),0) -> 3243 | V30: 18 | W30: =IFERROR(VLOOKUP(Table2[[#This Row],[Code4]],'[2]New Reason code'!$A$2:$D$77,2,0),0) -> During insert change | X30: =IFERROR(VLOOKUP(Table2[[#This Row],[Reason]],'[2]New Reason code'!$B$2:$D$77,2,0),0) -> Due to Settup | Y30: =IFERROR(VLOOKUP(Table2[[#This Row],[Rejection Identified at]],'[2]New Reason code'!$C$2:$D$77,2,0),0) -> skill
A31: 27 | B31: 18 | C31: =IFERROR(VLOOKUP(Table2[[#This Row],[Code]],'[2]New Machine sheet'!$A$1:$D$101,2,0),0) -> 282-18 | D31: =IFERROR(VLOOKUP(Table2[[#This Row],[M/c No]],'[2]New Machine sheet'!$B$1:$D$101,2,0),0) -> Mazak | E31: =IFERROR(VLOOKUP(Table2[[#This Row],[M/c Name]],'[2]New Machine sheet'!$C$1:$D$101,2,0),0) -> Turning | F31: 178 | G31: =IFERROR(VLOOKUP(Table2[[#This Row],[Code2]],'[2]New Machine sheet'!$F$2:$I$64,2,),0) -> 24178 | H31: =IFERROR(VLOOKUP(Table2[[#This Row],[Code2]],'[2]New Machine sheet'!$F$2:$I$64,3,0),0) -> RE J1 | J31: 5 | K31: =IFERROR(VLOOKUP(Table2[[#This Row],[Code3]],'[2]New defect code '!$A$2:$D$129,2,0),0) -> Bore Over size | L31: 01.09.26 | M31: 46266 | N31: 6 | R31: =SUBTOTAL(9,Table2[[#This Row],[1st]:[FQC]]) -> 6 | S31: =IFERROR(VLOOKUP(Table2[[#This Row],[Part No.]],'[2]New Machine sheet'!$G$2:$I$90,3,0),0) -> 70.62 | T31: =Table2[[#This Row],[cost per piece]]*Table2[[#This Row],[Total Rej. qty]] -> 423.72 | U31: =IFERROR(VLOOKUP(Table2[[#This Row],[Non Conformance]],'[2]New defect code '!$B$2:$C$129,2,0),0) -> 3243 | V31: 12 | W31: =IFERROR(VLOOKUP(Table2[[#This Row],[Code4]],'[2]New Reason code'!$A$2:$D$77,2,0),0) -> Double loading | X31: =IFERROR(VLOOKUP(Table2[[#This Row],[Reason]],'[2]New Reason code'!$B$2:$D$77,2,0),0) -> Due to operator | Y31: =IFERROR(VLOOKUP(Table2[[#This Row],[Rejection Identified at]],'[2]New Reason code'!$C$2:$D$77,2,0),0) -> infrastructure
A32: 28 | B32: 5 | C32: =IFERROR(VLOOKUP(Table2[[#This Row],[Code]],'[2]New Machine sheet'!$A$1:$D$101,2,0),0) -> 282-05 | D32: =IFERROR(VLOOKUP(Table2[[#This Row],[M/c No]],'[2]New Machine sheet'!$B$1:$D$101,2,0),0) -> Mazak | E32: =IFERROR(VLOOKUP(Table2[[#This Row],[M/c Name]],'[2]New Machine sheet'!$C$1:$D$101,2,0),0) -> Turning | F32: 119 | G32: =IFERROR(VLOOKUP(Table2[[#This Row],[Code2]],'[2]New Machine sheet'!$F$2:$I$64,2,),0) -> 24119 | H32: =IFERROR(VLOOKUP(Table2[[#This Row],[Code2]],'[2]New Machine sheet'!$F$2:$I$64,3,0),0) -> RE J1 | I32: Suraj | J32: 5 | K32: =IFERROR(VLOOKUP(Table2[[#This Row],[Code3]],'[2]New defect code '!$A$2:$D$129,2,0),0) -> Bore Over size | L32: 01.09.26 | M32: 46266 | O32: 10 | R32: =SUBTOTAL(9,Table2[[#This Row],[1st]:[FQC]]) -> 10 | S32: =IFERROR(VLOOKUP(Table2[[#This Row],[Part No.]],'[2]New Machine sheet'!$G$2:$I$90,3,0),0) -> 103.2 | T32: =Table2[[#This Row],[cost per piece]]*Table2[[#This Row],[Total Rej. qty]] -> 1032 | U32: =IFERROR(VLOOKUP(Table2[[#This Row],[Non Conformance]],'[2]New defect code '!$B$2:$C$129,2,0),0) -> 3243 | V32: 20 | W32: =IFERROR(VLOOKUP(Table2[[#This Row],[Code4]],'[2]New Reason code'!$A$2:$D$77,2,0),0) -> During segrigetion | X32: =IFERROR(VLOOKUP(Table2[[#This Row],[Reason]],'[2]New Reason code'!$B$2:$D$77,2,0),0) -> During segrigetion | Y32: =IFERROR(VLOOKUP(Table2[[#This Row],[Rejection Identified at]],'[2]New Reason code'!$C$2:$D$77,2,0),0) -> Attitude
A33: 29 | B33: 17 | C33: =IFERROR(VLOOKUP(Table2[[#This Row],[Code]],'[2]New Machine sheet'!$A$1:$D$101,2,0),0) -> 282-17 | D33: =IFERROR(VLOOKUP(Table2[[#This Row],[M/c No]],'[2]New Machine sheet'!$B$1:$D$101,2,0),0) -> Mazak | E33: =IFERROR(VLOOKUP(Table2[[#This Row],[M/c Name]],'[2]New Machine sheet'!$C$1:$D$101,2,0),0) -> Turning | F33: 113 | G33: =IFERROR(VLOOKUP(Table2[[#This Row],[Code2]],'[2]New Machine sheet'!$F$2:$I$64,2,),0) -> 24113 | H33: =IFERROR(VLOOKUP(Table2[[#This Row],[Code2]],'[2]New Machine sheet'!$F$2:$I$64,3,0),0) -> RE J1 | I33: Suraj | J33: 5 | K33: =IFERROR(VLOOKUP(Table2[[#This Row],[Code3]],'[2]New defect code '!$A$2:$D$129,2,0),0) -> Bore Over size | L33: 01.09.26 | M33: 46266 | O33: 6 | R33: =SUBTOTAL(9,Table2[[#This Row],[1st]:[FQC]]) -> 6 | S33: =IFERROR(VLOOKUP(Table2[[#This Row],[Part No.]],'[2]New Machine sheet'!$G$2:$I$90,3,0),0) -> 90 | T33: =Table2[[#This Row],[cost per piece]]*Table2[[#This Row],[Total Rej. qty]] -> 540 | U33: =IFERROR(VLOOKUP(Table2[[#This Row],[Non Conformance]],'[2]New defect code '!$B$2:$C$129,2,0),0) -> 3243 | V33: 20 | W33: =IFERROR(VLOOKUP(Table2[[#This Row],[Code4]],'[2]New Reason code'!$A$2:$D$77,2,0),0) -> During segrigetion | X33: =IFERROR(VLOOKUP(Table2[[#This Row],[Reason]],'[2]New Reason code'!$B$2:$D$77,2,0),0) -> During segrigetion | Y33: =IFERROR(VLOOKUP(Table2[[#This Row],[Rejection Identified at]],'[2]New Reason code'!$C$2:$D$77,2,0),0) -> Attitude
A34: 30 | B34: 8 | C34: =IFERROR(VLOOKUP(Table2[[#This Row],[Code]],'[2]New Machine sheet'!$A$1:$D$101,2,0),0) -> 282-08 | D34: =IFERROR(VLOOKUP(Table2[[#This Row],[M/c No]],'[2]New Machine sheet'!$B$1:$D$101,2,0),0) -> Mazak | E34: =IFERROR(VLOOKUP(Table2[[#This Row],[M/c Name]],'[2]New Machine sheet'!$C$1:$D$101,2,0),0) -> Turning | F34: 117 | G34: =IFERROR(VLOOKUP(Table2[[#This Row],[Code2]],'[2]New Machine sheet'!$F$2:$I$64,2,),0) -> 24117 | H34: =IFERROR(VLOOKUP(Table2[[#This Row],[Code2]],'[2]New Machine sheet'!$F$2:$I$64,3,0),0) -> RE J1 | I34: Rohit | J34: 5 | K34: =IFERROR(VLOOKUP(Table2[[#This Row],[Code3]],'[2]New defect code '!$A$2:$D$129,2,0),0) -> Bore Over size | L34: 01.09.26 | M34: 46266 | O34: 10 | R34: =SUBTOTAL(9,Table2[[#This Row],[1st]:[FQC]]) -> 10 | S34: =IFERROR(VLOOKUP(Table2[[#This Row],[Part No.]],'[2]New Machine sheet'!$G$2:$I$90,3,0),0) -> 111.97 | T34: =Table2[[#This Row],[cost per piece]]*Table2[[#This Row],[Total Rej. qty]] -> 1119.7 | U34: =IFERROR(VLOOKUP(Table2[[#This Row],[Non Conformance]],'[2]New defect code '!$B$2:$C$129,2,0),0) -> 3243 | V34: 20 | W34: =IFERROR(VLOOKUP(Table2[[#This Row],[Code4]],'[2]New Reason code'!$A$2:$D$77,2,0),0) -> During segrigetion | X34: =IFERROR(VLOOKUP(Table2[[#This Row],[Reason]],'[2]New Reason code'!$B$2:$D$77,2,0),0) -> During segrigetion | Y34: =IFERROR(VLOOKUP(Table2[[#This Row],[Rejection Identified at]],'[2]New Reason code'!$C$2:$D$77,2,0),0) -> Attitude
A35: 31 | B35: 20 | C35: =IFERROR(VLOOKUP(Table2[[#This Row],[Code]],'[2]New Machine sheet'!$A$1:$D$101,2,0),0) -> 282-20 | D35: =IFERROR(VLOOKUP(Table2[[#This Row],[M/c No]],'[2]New Machine sheet'!$B$1:$D$101,2,0),0) -> Mazak | E35: =IFERROR(VLOOKUP(Table2[[#This Row],[M/c Name]],'[2]New Machine sheet'!$C$1:$D$101,2,0),0) -> Turning | F35: 115 | G35: =IFERROR(VLOOKUP(Table2[[#This Row],[Code2]],'[2]New Machine sheet'!$F$2:$I$64,2,),0) -> 24115 | H35: =IFERROR(VLOOKUP(Table2[[#This Row],[Code2]],'[2]New Machine sheet'!$F$2:$I$64,3,0),0) -> RE J1 | I35: Rajesh | J35: 5 | K35: =IFERROR(VLOOKUP(Table2[[#This Row],[Code3]],'[2]New defect code '!$A$2:$D$129,2,0),0) -> Bore Over size | L35: 01.09.26 | M35: 46266 | O35: 3 | R35: =SUBTOTAL(9,Table2[[#This Row],[1st]:[FQC]]) -> 3 | S35: =IFERROR(VLOOKUP(Table2[[#This Row],[Part No.]],'[2]New Machine sheet'!$G$2:$I$90,3,0),0) -> 66.9 | T35: =Table2[[#This Row],[cost per piece]]*Table2[[#This Row],[Total Rej. qty]] -> 200.7 | U35: =IFERROR(VLOOKUP(Table2[[#This Row],[Non Conformance]],'[2]New defect code '!$B$2:$C$129,2,0),0) -> 3243 | V35: 20 | W35: =IFERROR(VLOOKUP(Table2[[#This Row],[Code4]],'[2]New Reason code'!$A$2:$D$77,2,0),0) -> During segrigetion | X35: =IFERROR(VLOOKUP(Table2[[#This Row],[Reason]],'[2]New Reason code'!$B$2:$D$77,2,0),0) -> During segrigetion | Y35: =IFERROR(VLOOKUP(Table2[[#This Row],[Rejection Identified at]],'[2]New Reason code'!$C$2:$D$77,2,0),0) -> Attitude
A36: 32 | B36: 41 | C36: =IFERROR(VLOOKUP(Table2[[#This Row],[Code]],'[2]New Machine sheet'!$A$1:$D$101,2,0),0) -> 252-03 | D36: =IFERROR(VLOOKUP(Table2[[#This Row],[M/c No]],'[2]New Machine sheet'!$B$1:$D$101,2,0),0) -> VMC | E36: =IFERROR(VLOOKUP(Table2[[#This Row],[M/c Name]],'[2]New Machine sheet'!$C$1:$D$101,2,0),0) -> VMC | F36: 155 | G36: =IFERROR(VLOOKUP(Table2[[#This Row],[Code2]],'[2]New Machine sheet'!$F$2:$I$64,2,),0) -> 24155 | H36: =IFERROR(VLOOKUP(Table2[[#This Row],[Code2]],'[2]New Machine sheet'!$F$2:$I$64,3,0),0) -> RE J1 | I36: Vijay | J36: 32 | K36: =IFERROR(VLOOKUP(Table2[[#This Row],[Code3]],'[2]New defect code '!$A$2:$D$129,2,0),0) -> Double Dot Punching | L36: 01.09.26 | M36: 46266 | O36: 2 | R36: =SUBTOTAL(9,Table2[[#This Row],[1st]:[FQC]]) -> 2 | S36: =IFERROR(VLOOKUP(Table2[[#This Row],[Part No.]],'[2]New Machine sheet'!$G$2:$I$90,3,0),0) -> 107.67 | T36: =Table2[[#This Row],[cost per piece]]*Table2[[#This Row],[Total Rej. qty]] -> 215.34 | U36: =IFERROR(VLOOKUP(Table2[[#This Row],[Non Conformance]],'[2]New defect code '!$B$2:$C$129,2,0),0) -> 0 | V36: 66 | W36: =IFERROR(VLOOKUP(Table2[[#This Row],[Code4]],'[2]New Reason code'!$A$2:$D$77,2,0),0) -> Wrong Loading | X36: =IFERROR(VLOOKUP(Table2[[#This Row],[Reason]],'[2]New Reason code'!$B$2:$D$77,2,0),0) -> Due to operator | Y36: =IFERROR(VLOOKUP(Table2[[#This Row],[Rejection Identified at]],'[2]New Reason code'!$C$2:$D$77,2,0),0) -> infrastructure
A37: 33 | B37: 62 | C37: =IFERROR(VLOOKUP(Table2[[#This Row],[Code]],'[2]New Machine sheet'!$A$1:$D$101,2,0),0) -> FQC | D37: =IFERROR(VLOOKUP(Table2[[#This Row],[M/c No]],'[2]New Machine sheet'!$B$1:$D$101,2,0),0) -> FQC | E37: =IFERROR(VLOOKUP(Table2[[#This Row],[M/c Name]],'[2]New Machine sheet'!$C$1:$D$101,2,0),0) -> fqc | F37: 178 | G37: =IFERROR(VLOOKUP(Table2[[#This Row],[Code2]],'[2]New Machine sheet'!$F$2:$I$64,2,),0) -> 24178 | H37: =IFERROR(VLOOKUP(Table2[[#This Row],[Code2]],'[2]New Machine sheet'!$F$2:$I$64,3,0),0) -> RE J1 | J37: 72 | K37: =IFERROR(VLOOKUP(Table2[[#This Row],[Code3]],'[2]New defect code '!$A$2:$D$129,2,0),0) -> PG No Go pass | L37: 01.09.26 | M37: 46266 | Q37: 3 | R37: =SUBTOTAL(9,Table2[[#This Row],[1st]:[FQC]]) -> 3 | S37: =IFERROR(VLOOKUP(Table2[[#This Row],[Part No.]],'[2]New Machine sheet'!$G$2:$I$90,3,0),0) -> 70.62 | T37: =Table2[[#This Row],[cost per piece]]*Table2[[#This Row],[Total Rej. qty]] -> 211.86 | U37: =IFERROR(VLOOKUP(Table2[[#This Row],[Non Conformance]],'[2]New defect code '!$B$2:$C$129,2,0),0) -> 0 | V37: 24 | W37: =IFERROR(VLOOKUP(Table2[[#This Row],[Code4]],'[2]New Reason code'!$A$2:$D$77,2,0),0) -> FQC return | X37: =IFERROR(VLOOKUP(Table2[[#This Row],[Reason]],'[2]New Reason code'!$B$2:$D$77,2,0),0) -> Due to operator | Y37: =IFERROR(VLOOKUP(Table2[[#This Row],[Rejection Identified at]],'[2]New Reason code'!$C$2:$D$77,2,0),0) -> infrastructure
A38: 34 | B38: 12 | C38: =IFERROR(VLOOKUP(Table2[[#This Row],[Code]],'[2]New Machine sheet'!$A$1:$D$101,2,0),0) -> 282-12 | D38: =IFERROR(VLOOKUP(Table2[[#This Row],[M/c No]],'[2]New Machine sheet'!$B$1:$D$101,2,0),0) -> Mazak | E38: =IFERROR(VLOOKUP(Table2[[#This Row],[M/c Name]],'[2]New Machine sheet'!$C$1:$D$101,2,0),0) -> Turning | F38: 115 | G38: =IFERROR(VLOOKUP(Table2[[#This Row],[Code2]],'[2]New Machine sheet'!$F$2:$I$64,2,),0) -> 24115 | H38: =IFERROR(VLOOKUP(Table2[[#This Row],[Code2]],'[2]New Machine sheet'!$F$2:$I$64,3,0),0) -> RE J1 | I38: Raghvendra | J38: 3 | K38: =IFERROR(VLOOKUP(Table2[[#This Row],[Code3]],'[2]New defect code '!$A$2:$D$129,2,0),0) -> Bore damage | L38: 01.09.26 | M38: 46266 | O38: 1 | R38: =SUBTOTAL(9,Table2[[#This Row],[1st]:[FQC]]) -> 1 | S38: =IFERROR(VLOOKUP(Table2[[#This Row],[Part No.]],'[2]New Machine sheet'!$G$2:$I$90,3,0),0) -> 66.9 | T38: =Table2[[#This Row],[cost per piece]]*Table2[[#This Row],[Total Rej. qty]] -> 66.9 | U38: =IFERROR(VLOOKUP(Table2[[#This Row],[Non Conformance]],'[2]New defect code '!$B$2:$C$129,2,0),0) -> 0 | V38: 66 | W38: =IFERROR(VLOOKUP(Table2[[#This Row],[Code4]],'[2]New Reason code'!$A$2:$D$77,2,0),0) -> Wrong Loading | X38: =IFERROR(VLOOKUP(Table2[[#This Row],[Reason]],'[2]New Reason code'!$B$2:$D$77,2,0),0) -> Due to operator | Y38: =IFERROR(VLOOKUP(Table2[[#This Row],[Rejection Identified at]],'[2]New Reason code'!$C$2:$D$77,2,0),0) -> infrastructure
A39: 35 | B39: 23 | C39: =IFERROR(VLOOKUP(Table2[[#This Row],[Code]],'[2]New Machine sheet'!$A$1:$D$101,2,0),0) -> ACE-03 | D39: =IFERROR(VLOOKUP(Table2[[#This Row],[M/c No]],'[2]New Machine sheet'!$B$1:$D$101,2,0),0) -> Micromatic | E39: =IFERROR(VLOOKUP(Table2[[#This Row],[M/c Name]],'[2]New Machine sheet'!$C$1:$D$101,2,0),0) -> Turning | F39: 178 | G39: =IFERROR(VLOOKUP(Table2[[#This Row],[Code2]],'[2]New Machine sheet'!$F$2:$I$64,2,),0) -> 24178 | H39: =IFERROR(VLOOKUP(Table2[[#This Row],[Code2]],'[2]New Machine sheet'!$F$2:$I$64,3,0),0) -> RE J1 | J39: 5 | K39: =IFERROR(VLOOKUP(Table2[[#This Row],[Code3]],'[2]New defect code '!$A$2:$D$129,2,0),0) -> Bore Over size | L39: 01.09.26 | M39: 46266 | O39: 7 | R39: =SUBTOTAL(9,Table2[[#This Row],[1st]:[FQC]]) -> 7 | S39: =IFERROR(VLOOKUP(Table2[[#This Row],[Part No.]],'[2]New Machine sheet'!$G$2:$I$90,3,0),0) -> 70.62 | T39: =Table2[[#This Row],[cost per piece]]*Table2[[#This Row],[Total Rej. qty]] -> 494.34 | U39: =IFERROR(VLOOKUP(Table2[[#This Row],[Non Conformance]],'[2]New defect code '!$B$2:$C$129,2,0),0) -> 3243 | V39: 12 | W39: =IFERROR(VLOOKUP(Table2[[#This Row],[Code4]],'[2]New Reason code'!$A$2:$D$77,2,0),0) -> Double loading | X39: =IFERROR(VLOOKUP(Table2[[#This Row],[Reason]],'[2]New Reason code'!$B$2:$D$77,2,0),0) -> Due to operator | Y39: =IFERROR(VLOOKUP(Table2[[#This Row],[Rejection Identified at]],'[2]New Reason code'!$C$2:$D$77,2,0),0) -> infrastructure
A40: 36 | B40: 23 | C40: =IFERROR(VLOOKUP(Table2[[#This Row],[Code]],'[2]New Machine sheet'!$A$1:$D$101,2,0),0) -> ACE-03 | D40: =IFERROR(VLOOKUP(Table2[[#This Row],[M/c No]],'[2]New Machine sheet'!$B$1:$D$101,2,0),0) -> Micromatic | E40: =IFERROR(VLOOKUP(Table2[[#This Row],[M/c Name]],'[2]New Machine sheet'!$C$1:$D$101,2,0),0) -> Turning | F40: 178 | G40: =IFERROR(VLOOKUP(Table2[[#This Row],[Code2]],'[2]New Machine sheet'!$F$2:$I$64,2,),0) -> 24178 | H40: =IFERROR(VLOOKUP(Table2[[#This Row],[Code2]],'[2]New Machine sheet'!$F$2:$I$64,3,0),0) -> RE J1 | J40: 5 | K40: =IFERROR(VLOOKUP(Table2[[#This Row],[Code3]],'[2]New defect code '!$A$2:$D$129,2,0),0) -> Bore Over size | L40: 01.09.26 | M40: 46266 | O40: 3 | R40: =SUBTOTAL(9,Table2[[#This Row],[1st]:[FQC]]) -> 3 | S40: =IFERROR(VLOOKUP(Table2[[#This Row],[Part No.]],'[2]New Machine sheet'!$G$2:$I$90,3,0),0) -> 70.62 | T40: =Table2[[#This Row],[cost per piece]]*Table2[[#This Row],[Total Rej. qty]] -> 211.86 | U40: =IFERROR(VLOOKUP(Table2[[#This Row],[Non Conformance]],'[2]New defect code '!$B$2:$C$129,2,0),0) -> 3243 | V40: 18 | W40: =IFERROR(VLOOKUP(Table2[[#This Row],[Code4]],'[2]New Reason code'!$A$2:$D$77,2,0),0) -> During insert change | X40: =IFERROR(VLOOKUP(Table2[[#This Row],[Reason]],'[2]New Reason code'!$B$2:$D$77,2,0),0) -> Due to Settup | Y40: =IFERROR(VLOOKUP(Table2[[#This Row],[Rejection Identified at]],'[2]New Reason code'!$C$2:$D$77,2,0),0) -> skill
A41: 37 | B41: 17 | C41: =IFERROR(VLOOKUP(Table2[[#This Row],[Code]],'[2]New Machine sheet'!$A$1:$D$101,2,0),0) -> 282-17 | D41: =IFERROR(VLOOKUP(Table2[[#This Row],[M/c No]],'[2]New Machine sheet'!$B$1:$D$101,2,0),0) -> Mazak | E41: =IFERROR(VLOOKUP(Table2[[#This Row],[M/c Name]],'[2]New Machine sheet'!$C$1:$D$101,2,0),0) -> Turning | F41: 113 | G41: =IFERROR(VLOOKUP(Table2[[#This Row],[Code2]],'[2]New Machine sheet'!$F$2:$I$64,2,),0) -> 24113 | H41: =IFERROR(VLOOKUP(Table2[[#This Row],[Code2]],'[2]New Machine sheet'!$F$2:$I$64,3,0),0) -> RE J1 | I41: Kuldeep | J41: 5 | K41: =IFERROR(VLOOKUP(Table2[[#This Row],[Code3]],'[2]New defect code '!$A$2:$D$129,2,0),0) -> Bore Over size | L41: 01.09.26 | M41: 46266 | P41: 3 | R41: =SUBTOTAL(9,Table2[[#This Row],[1st]:[FQC]]) -> 3 | S41: =IFERROR(VLOOKUP(Table2[[#This Row],[Part No.]],'[2]New Machine sheet'!$G$2:$I$90,3,0),0) -> 90 | T41: =Table2[[#This Row],[cost per piece]]*Table2[[#This Row],[Total Rej. qty]] -> 270 | U41: =IFERROR(VLOOKUP(Table2[[#This Row],[Non Conformance]],'[2]New defect code '!$B$2:$C$129,2,0),0) -> 3243 | V41: 70 | W41: =IFERROR(VLOOKUP(Table2[[#This Row],[Code4]],'[2]New Reason code'!$A$2:$D$77,2,0),0) -> Insert Wear Out | X41: =IFERROR(VLOOKUP(Table2[[#This Row],[Reason]],'[2]New Reason code'!$B$2:$D$77,2,0),0) -> Line audit | Y41: =IFERROR(VLOOKUP(Table2[[#This Row],[Rejection Identified at]],'[2]New Reason code'!$C$2:$D$77,2,0),0) -> Process Issue
A42: 38 | B42: 44 | C42: =IFERROR(VLOOKUP(Table2[[#This Row],[Code]],'[2]New Machine sheet'!$A$1:$D$101,2,0),0) -> LT20-NEW | D42: =IFERROR(VLOOKUP(Table2[[#This Row],[M/c No]],'[2]New Machine sheet'!$B$1:$D$101,2,0),0) -> ACE | E42: =IFERROR(VLOOKUP(Table2[[#This Row],[M/c Name]],'[2]New Machine sheet'!$C$1:$D$101,2,0),0) -> turning | F42: 122 | G42: =IFERROR(VLOOKUP(Table2[[#This Row],[Code2]],'[2]New Machine sheet'!$F$2:$I$64,2,),0) -> 24122 | H42: =IFERROR(VLOOKUP(Table2[[#This Row],[Code2]],'[2]New Machine sheet'!$F$2:$I$64,3,0),0) -> RE J1 | I42: Lokesh | J42: 66 | K42: =IFERROR(VLOOKUP(Table2[[#This Row],[Code3]],'[2]New defect code '!$A$2:$D$129,2,0),0) -> OD Under Size | L42: 01.09.26 | M42: 46266 | P42: 1 | R42: =SUBTOTAL(9,Table2[[#This Row],[1st]:[FQC]]) -> 1 | S42: =IFERROR(VLOOKUP(Table2[[#This Row],[Part No.]],'[2]New Machine sheet'!$G$2:$I$90,3,0),0) -> 335.39978 | T42: =Table2[[#This Row],[cost per piece]]*Table2[[#This Row],[Total Rej. qty]] -> 335.39978 | U42: =IFERROR(VLOOKUP(Table2[[#This Row],[Non Conformance]],'[2]New defect code '!$B$2:$C$129,2,0),0) -> 3242 | V42: 18 | W42: =IFERROR(VLOOKUP(Table2[[#This Row],[Code4]],'[2]New Reason code'!$A$2:$D$77,2,0),0) -> During insert change | X42: =IFERROR(VLOOKUP(Table2[[#This Row],[Reason]],'[2]New Reason code'!$B$2:$D$77,2,0),0) -> Due to Settup | Y42: =IFERROR(VLOOKUP(Table2[[#This Row],[Rejection Identified at]],'[2]New Reason code'!$C$2:$D$77,2,0),0) -> skill
A43: 39 | B43: 25 | C43: =IFERROR(VLOOKUP(Table2[[#This Row],[Code]],'[2]New Machine sheet'!$A$1:$D$101,2,0),0) -> ACE-05 | D43: =IFERROR(VLOOKUP(Table2[[#This Row],[M/c No]],'[2]New Machine sheet'!$B$1:$D$101,2,0),0) -> Micromatic | E43: =IFERROR(VLOOKUP(Table2[[#This Row],[M/c Name]],'[2]New Machine sheet'!$C$1:$D$101,2,0),0) -> Turning | F43: 122 | G43: =IFERROR(VLOOKUP(Table2[[#This Row],[Code2]],'[2]New Machine sheet'!$F$2:$I$64,2,),0) -> 24122 | H43: =IFERROR(VLOOKUP(Table2[[#This Row],[Code2]],'[2]New Machine sheet'!$F$2:$I$64,3,0),0) -> RE J1 | I43: Rajendra | J43: 5 | K43: =IFERROR(VLOOKUP(Table2[[#This Row],[Code3]],'[2]New defect code '!$A$2:$D$129,2,0),0) -> Bore Over size | L43: 01.09.26 | M43: 46266 | P43: 1 | R43: =SUBTOTAL(9,Table2[[#This Row],[1st]:[FQC]]) -> 1 | S43: =IFERROR(VLOOKUP(Table2[[#This Row],[Part No.]],'[2]New Machine sheet'!$G$2:$I$90,3,0),0) -> 335.39978 | T43: =Table2[[#This Row],[cost per piece]]*Table2[[#This Row],[Total Rej. qty]] -> 335.39978 | U43: =IFERROR(VLOOKUP(Table2[[#This Row],[Non Conformance]],'[2]New defect code '!$B$2:$C$129,2,0),0) -> 3243 | V43: 18 | W43: =IFERROR(VLOOKUP(Table2[[#This Row],[Code4]],'[2]New Reason code'!$A$2:$D$77,2,0),0) -> During insert change | X43: =IFERROR(VLOOKUP(Table2[[#This Row],[Reason]],'[2]New Reason code'!$B$2:$D$77,2,0),0) -> Due to Settup | Y43: =IFERROR(VLOOKUP(Table2[[#This Row],[Rejection Identified at]],'[2]New Reason code'!$C$2:$D$77,2,0),0) -> skill
A44: 40 | B44: 5 | C44: =IFERROR(VLOOKUP(Table2[[#This Row],[Code]],'[2]New Machine sheet'!$A$1:$D$101,2,0),0) -> 282-05 | D44: =IFERROR(VLOOKUP(Table2[[#This Row],[M/c No]],'[2]New Machine sheet'!$B$1:$D$101,2,0),0) -> Mazak | E44: =IFERROR(VLOOKUP(Table2[[#This Row],[M/c Name]],'[2]New Machine sheet'!$C$1:$D$101,2,0),0) -> Turning | F44: 119 | G44: =IFERROR(VLOOKUP(Table2[[#This Row],[Code2]],'[2]New Machine sheet'!$F$2:$I$64,2,),0) -> 24119 | H44: =IFERROR(VLOOKUP(Table2[[#This Row],[Code2]],'[2]New Machine sheet'!$F$2:$I$64,3,0),0) -> RE J1 | I44: Rajesh | J44: 5 | K44: =IFERROR(VLOOKUP(Table2[[#This Row],[Code3]],'[2]New defect code '!$A$2:$D$129,2,0),0) -> Bore Over size | L44: 01.09.26 | M44: 46266 | P44: 3 | R44: =SUBTOTAL(9,Table2[[#This Row],[1st]:[FQC]]) -> 3 | S44: =IFERROR(VLOOKUP(Table2[[#This Row],[Part No.]],'[2]New Machine sheet'!$G$2:$I$90,3,0),0) -> 103.2 | T44: =Table2[[#This Row],[cost per piece]]*Table2[[#This Row],[Total Rej. qty]] -> 309.6 | U44: =IFERROR(VLOOKUP(Table2[[#This Row],[Non Conformance]],'[2]New defect code '!$B$2:$C$129,2,0),0) -> 3243 | V44: 19 | W44: =IFERROR(VLOOKUP(Table2[[#This Row],[Code4]],'[2]New Reason code'!$A$2:$D$77,2,0),0) -> During Rework time | X44: =IFERROR(VLOOKUP(Table2[[#This Row],[Reason]],'[2]New Reason code'!$B$2:$D$77,2,0),0) -> Due to operator | Y44: =IFERROR(VLOOKUP(Table2[[#This Row],[Rejection Identified at]],'[2]New Reason code'!$C$2:$D$77,2,0),0) -> infrastructure
A45: 41 | B45: 47 | C45: =IFERROR(VLOOKUP(Table2[[#This Row],[Code]],'[2]New Machine sheet'!$A$1:$D$101,2,0),0) -> MURATEC-03 | D45: =IFERROR(VLOOKUP(Table2[[#This Row],[M/c No]],'[2]New Machine sheet'!$B$1:$D$101,2,0),0) -> MURATEC | E45: =IFERROR(VLOOKUP(Table2[[#This Row],[M/c Name]],'[2]New Machine sheet'!$C$1:$D$101,2,0),0) -> turning | F45: 127 | G45: =IFERROR(VLOOKUP(Table2[[#This Row],[Code2]],'[2]New Machine sheet'!$F$2:$I$64,2,),0) -> 24127 | H45: =IFERROR(VLOOKUP(Table2[[#This Row],[Code2]],'[2]New Machine sheet'!$F$2:$I$64,3,0),0) -> RE J1 | I45: Atul | J45: 66 | K45: =IFERROR(VLOOKUP(Table2[[#This Row],[Code3]],'[2]New defect code '!$A$2:$D$129,2,0),0) -> OD Under Size | L45: 01.09.26 | M45: 46266 | P45: 2 | R45: =SUBTOTAL(9,Table2[[#This Row],[1st]:[FQC]]) -> 2 | S45: =IFERROR(VLOOKUP(Table2[[#This Row],[Part No.]],'[2]New Machine sheet'!$G$2:$I$90,3,0),0) -> 262.812 | T45: =Table2[[#This Row],[cost per piece]]*Table2[[#This Row],[Total Rej. qty]] -> 525.624 | U45: =IFERROR(VLOOKUP(Table2[[#This Row],[Non Conformance]],'[2]New defect code '!$B$2:$C$129,2,0),0) -> 3242 | V45: 45 | W45: =IFERROR(VLOOKUP(Table2[[#This Row],[Code4]],'[2]New Reason code'!$A$2:$D$77,2,0),0) -> Running m/c | X45: =IFERROR(VLOOKUP(Table2[[#This Row],[Reason]],'[2]New Reason code'!$B$2:$D$77,2,0),0) -> Due to machine | Y45: =IFERROR(VLOOKUP(Table2[[#This Row],[Rejection Identified at]],'[2]New Reason code'!$C$2:$D$77,2,0),0) -> process
A46: 42 | B46: 45 | C46: =IFERROR(VLOOKUP(Table2[[#This Row],[Code]],'[2]New Machine sheet'!$A$1:$D$101,2,0),0) -> MURATEC-01 | D46: =IFERROR(VLOOKUP(Table2[[#This Row],[M/c No]],'[2]New Machine sheet'!$B$1:$D$101,2,0),0) -> MURATEC | E46: =IFERROR(VLOOKUP(Table2[[#This Row],[M/c Name]],'[2]New Machine sheet'!$C$1:$D$101,2,0),0) -> turning | F46: 127 | G46: =IFERROR(VLOOKUP(Table2[[#This Row],[Code2]],'[2]New Machine sheet'!$F$2:$I$64,2,),0) -> 24127 | H46: =IFERROR(VLOOKUP(Table2[[#This Row],[Code2]],'[2]New Machine sheet'!$F$2:$I$64,3,0),0) -> RE J1 | I46: Atul | J46: 5 | K46: =IFERROR(VLOOKUP(Table2[[#This Row],[Code3]],'[2]New defect code '!$A$2:$D$129,2,0),0) -> Bore Over size | L46: 01.09.26 | M46: 46266 | P46: 4 | R46: =SUBTOTAL(9,Table2[[#This Row],[1st]:[FQC]]) -> 4 | S46: =IFERROR(VLOOKUP(Table2[[#This Row],[Part No.]],'[2]New Machine sheet'!$G$2:$I$90,3,0),0) -> 262.812 | T46: =Table2[[#This Row],[cost per piece]]*Table2[[#This Row],[Total Rej. qty]] -> 1051.248 | U46: =IFERROR(VLOOKUP(Table2[[#This Row],[Non Conformance]],'[2]New defect code '!$B$2:$C$129,2,0),0) -> 3243 | V46: 64 | W46: =IFERROR(VLOOKUP(Table2[[#This Row],[Code4]],'[2]New Reason code'!$A$2:$D$77,2,0),0) -> Wrong correction | X46: =IFERROR(VLOOKUP(Table2[[#This Row],[Reason]],'[2]New Reason code'!$B$2:$D$77,2,0),0) -> Due to operator | Y46: =IFERROR(VLOOKUP(Table2[[#This Row],[Rejection Identified at]],'[2]New Reason code'!$C$2:$D$77,2,0),0) -> infrastructure
A47: 43 | B47: 6 | C47: =IFERROR(VLOOKUP(Table2[[#This Row],[Code]],'[2]New Machine sheet'!$A$1:$D$101,2,0),0) -> 282-06 | D47: =IFERROR(VLOOKUP(Table2[[#This Row],[M/c No]],'[2]New Machine sheet'!$B$1:$D$101,2,0),0) -> Mazak | E47: =IFERROR(VLOOKUP(Table2[[#This Row],[M/c Name]],'[2]New Machine sheet'!$C$1:$D$101,2,0),0) -> Turning | F47: 178 | G47: =IFERROR(VLOOKUP(Table2[[#This Row],[Code2]],'[2]New Machine sheet'!$F$2:$I$64,2,),0) -> 24178 | H47: =IFERROR(VLOOKUP(Table2[[#This Row],[Code2]],'[2]New Machine sheet'!$F$2:$I$64,3,0),0) -> RE J1 | J47: 5 | K47: =IFERROR(VLOOKUP(Table2[[#This Row],[Code3]],'[2]New defect code '!$A$2:$D$129,2,0),0) -> Bore Over size | L47: 01.09.26 | M47: 46266 | P47: 9 | R47: =SUBTOTAL(9,Table2[[#This Row],[1st]:[FQC]]) -> 9 | S47: =IFERROR(VLOOKUP(Table2[[#This Row],[Part No.]],'[2]New Machine sheet'!$G$2:$I$90,3,0),0) -> 70.62 | T47: =Table2[[#This Row],[cost per piece]]*Table2[[#This Row],[Total Rej. qty]] -> 635.58 | U47: =IFERROR(VLOOKUP(Table2[[#This Row],[Non Conformance]],'[2]New defect code '!$B$2:$C$129,2,0),0) -> 3243 | V47: 70 | W47: =IFERROR(VLOOKUP(Table2[[#This Row],[Code4]],'[2]New Reason code'!$A$2:$D$77,2,0),0) -> Insert Wear Out | X47: =IFERROR(VLOOKUP(Table2[[#This Row],[Reason]],'[2]New Reason code'!$B$2:$D$77,2,0),0) -> Line audit | Y47: =IFERROR(VLOOKUP(Table2[[#This Row],[Rejection Identified at]],'[2]New Reason code'!$C$2:$D$77,2,0),0) -> Process Issue
A48: 44 | B48: 6 | C48: =IFERROR(VLOOKUP(Table2[[#This Row],[Code]],'[2]New Machine sheet'!$A$1:$D$101,2,0),0) -> 282-06 | D48: =IFERROR(VLOOKUP(Table2[[#This Row],[M/c No]],'[2]New Machine sheet'!$B$1:$D$101,2,0),0) -> Mazak | E48: =IFERROR(VLOOKUP(Table2[[#This Row],[M/c Name]],'[2]New Machine sheet'!$C$1:$D$101,2,0),0) -> Turning | F48: 178 | G48: =IFERROR(VLOOKUP(Table2[[#This Row],[Code2]],'[2]New Machine sheet'!$F$2:$I$64,2,),0) -> 24178 | H48: =IFERROR(VLOOKUP(Table2[[#This Row],[Code2]],'[2]New Machine sheet'!$F$2:$I$64,3,0),0) -> RE J1 | J48: 80 | K48: =IFERROR(VLOOKUP(Table2[[#This Row],[Code3]],'[2]New defect code '!$A$2:$D$129,2,0),0) -> Rust | L48: 01.09.26 | M48: 46266 | P48: 5 | R48: =SUBTOTAL(9,Table2[[#This Row],[1st]:[FQC]]) -> 5 | S48: =IFERROR(VLOOKUP(Table2[[#This Row],[Part No.]],'[2]New Machine sheet'!$G$2:$I$90,3,0),0) -> 70.62 | T48: =Table2[[#This Row],[cost per piece]]*Table2[[#This Row],[Total Rej. qty]] -> 353.1 | U48: =IFERROR(VLOOKUP(Table2[[#This Row],[Non Conformance]],'[2]New defect code '!$B$2:$C$129,2,0),0) -> 0 | V48: 15 | W48: =IFERROR(VLOOKUP(Table2[[#This Row],[Code4]],'[2]New Reason code'!$A$2:$D$77,2,0),0) -> During ACMA (5S) time | X48: =IFERROR(VLOOKUP(Table2[[#This Row],[Reason]],'[2]New Reason code'!$B$2:$D$77,2,0),0) -> Prod Declared | Y48: =IFERROR(VLOOKUP(Table2[[#This Row],[Rejection Identified at]],'[2]New Reason code'!$C$2:$D$77,2,0),0) -> Process Issue
A49: 45 | B49: 25 | C49: =IFERROR(VLOOKUP(Table2[[#This Row],[Code]],'[2]New Machine sheet'!$A$1:$D$101,2,0),0) -> ACE-05 | D49: =IFERROR(VLOOKUP(Table2[[#This Row],[M/c No]],'[2]New Machine sheet'!$B$1:$D$101,2,0),0) -> Micromatic | E49: =IFERROR(VLOOKUP(Table2[[#This Row],[M/c Name]],'[2]New Machine sheet'!$C$1:$D$101,2,0),0) -> Turning | F49: 122 | G49: =IFERROR(VLOOKUP(Table2[[#This Row],[Code2]],'[2]New Machine sheet'!$F$2:$I$64,2,),0) -> 24122 | H49: =IFERROR(VLOOKUP(Table2[[#This Row],[Code2]],'[2]New Machine sheet'!$F$2:$I$64,3,0),0) -> RE J1 | I49: Jitendra | J49: 5 | K49: =IFERROR(VLOOKUP(Table2[[#This Row],[Code3]],'[2]New defect code '!$A$2:$D$129,2,0),0) -> Bore Over size | L49: 02.09.26 | M49: 46266 | N49: 4 | R49: =SUBTOTAL(9,Table2[[#This Row],[1st]:[FQC]]) -> 4 | S49: =IFERROR(VLOOKUP(Table2[[#This Row],[Part No.]],'[2]New Machine sheet'!$G$2:$I$90,3,0),0) -> 335.39978 | T49: =Table2[[#This Row],[cost per piece]]*Table2[[#This Row],[Total Rej. qty]] -> 1341.5991 | U49: =IFERROR(VLOOKUP(Table2[[#This Row],[Non Conformance]],'[2]New defect code '!$B$2:$C$129,2,0),0) -> 3243 | V49: 12 | W49: =IFERROR(VLOOKUP(Table2[[#This Row],[Code4]],'[2]New Reason code'!$A$2:$D$77,2,0),0) -> Double loading | X49: =IFERROR(VLOOKUP(Table2[[#This Row],[Reason]],'[2]New Reason code'!$B$2:$D$77,2,0),0) -> Due to operator | Y49: =IFERROR(VLOOKUP(Table2[[#This Row],[Rejection Identified at]],'[2]New Reason code'!$C$2:$D$77,2,0),0) -> infrastructure
A50: 46 | C50: ACE-22 | D50: Micromatic | E50: =IFERROR(VLOOKUP(Table2[[#This Row],[M/c Name]],'[2]New Machine sheet'!$C$1:$D$101,2,0),0) -> Turning | F50: 127 | G50: =IFERROR(VLOOKUP(Table2[[#This Row],[Code2]],'[2]New Machine sheet'!$F$2:$I$64,2,),0) -> 24127 | H50: =IFERROR(VLOOKUP(Table2[[#This Row],[Code2]],'[2]New Machine sheet'!$F$2:$I$64,3,0),0) -> RE J1 | I50: Ravina | J50: 40 | K50: =IFERROR(VLOOKUP(Table2[[#This Row],[Code3]],'[2]New defect code '!$A$2:$D$129,2,0),0) -> FACE Damage | L50: 02.09.26 | M50: 46266 | N50: 5 | R50: =SUBTOTAL(9,Table2[[#This Row],[1st]:[FQC]]) -> 5 | S50: =IFERROR(VLOOKUP(Table2[[#This Row],[Part No.]],'[2]New Machine sheet'!$G$2:$I$90,3,0),0) -> 262.812 | T50: =Table2[[#This Row],[cost per piece]]*Table2[[#This Row],[Total Rej. qty]] -> 1314.06 | U50: =IFERROR(VLOOKUP(Table2[[#This Row],[Non Conformance]],'[2]New defect code '!$B$2:$C$129,2,0),0) -> 3229 | V50: 42 | W50: =IFERROR(VLOOKUP(Table2[[#This Row],[Code4]],'[2]New Reason code'!$A$2:$D$77,2,0),0) -> part not checked by operator | X50: =IFERROR(VLOOKUP(Table2[[#This Row],[Reason]],'[2]New Reason code'!$B$2:$D$77,2,0),0) -> Line audit | Y50: =IFERROR(VLOOKUP(Table2[[#This Row],[Rejection Identified at]],'[2]New Reason code'!$C$2:$D$77,2,0),0) -> Process Issue
A51: 47 | C51: ACE-21 | D51: Micromatic | E51: =IFERROR(VLOOKUP(Table2[[#This Row],[M/c Name]],'[2]New Machine sheet'!$C$1:$D$101,2,0),0) -> Turning | F51: 122 | G51: =IFERROR(VLOOKUP(Table2[[#This Row],[Code2]],'[2]New Machine sheet'!$F$2:$I$64,2,),0) -> 24122 | H51: =IFERROR(VLOOKUP(Table2[[#This Row],[Code2]],'[2]New Machine sheet'!$F$2:$I$64,3,0),0) -> RE J1 | I51: Ravina | J51: 93 | K51: =IFERROR(VLOOKUP(Table2[[#This Row],[Code3]],'[2]New defect code '!$A$2:$D$129,2,0),0) -> Thickness Under size | L51: 02.09.26 | M51: 46266 | N51: 1 | R51: =SUBTOTAL(9,Table2[[#This Row],[1st]:[FQC]]) -> 1 | S51: =IFERROR(VLOOKUP(Table2[[#This Row],[Part No.]],'[2]New Machine sheet'!$G$2:$I$90,3,0),0) -> 335.39978 | T51: =Table2[[#This Row],[cost per piece]]*Table2[[#This Row],[Total Rej. qty]] -> 335.39978 | U51: =IFERROR(VLOOKUP(Table2[[#This Row],[Non Conformance]],'[2]New defect code '!$B$2:$C$129,2,0),0) -> 3258 | V51: 18 | W51: =IFERROR(VLOOKUP(Table2[[#This Row],[Code4]],'[2]New Reason code'!$A$2:$D$77,2,0),0) -> During insert change | X51: =IFERROR(VLOOKUP(Table2[[#This Row],[Reason]],'[2]New Reason code'!$B$2:$D$77,2,0),0) -> Due to Settup | Y51: =IFERROR(VLOOKUP(Table2[[#This Row],[Rejection Identified at]],'[2]New Reason code'!$C$2:$D$77,2,0),0) -> skill
A52: 48 | C52: ACE-21 | D52: Micromatic | E52: =IFERROR(VLOOKUP(Table2[[#This Row],[M/c Name]],'[2]New Machine sheet'!$C$1:$D$101,2,0),0) -> Turning | F52: 185 | G52: =IFERROR(VLOOKUP(Table2[[#This Row],[Code2]],'[2]New Machine sheet'!$F$2:$I$64,2,),0) -> 24185 | H52: =IFERROR(VLOOKUP(Table2[[#This Row],[Code2]],'[2]New Machine sheet'!$F$2:$I$64,3,0),0) -> RE Bush | I52: Ravina | J52: 21 | K52: =IFERROR(VLOOKUP(Table2[[#This Row],[Code3]],'[2]New defect code '!$A$2:$D$129,2,0),0) -> Bush Reject of defective part | L52: 02.09.26 | M52: 46266 | N52: 1 | R52: =SUBTOTAL(9,Table2[[#This Row],[1st]:[FQC]]) -> 1 | S52: =IFERROR(VLOOKUP(Table2[[#This Row],[Part No.]],'[2]New Machine sheet'!$G$2:$I$90,3,0),0) -> 25.53 | T52: =Table2[[#This Row],[cost per piece]]*Table2[[#This Row],[Total Rej. qty]] -> 25.53 | U52: =IFERROR(VLOOKUP(Table2[[#This Row],[Non Conformance]],'[2]New defect code '!$B$2:$C$129,2,0),0) -> 0 | V52: 6 | W52: =IFERROR(VLOOKUP(Table2[[#This Row],[Code4]],'[2]New Reason code'!$A$2:$D$77,2,0),0) -> bush will not use again | X52: =IFERROR(VLOOKUP(Table2[[#This Row],[Reason]],'[2]New Reason code'!$B$2:$D$77,2,0),0) -> Prod Declared | Y52: =IFERROR(VLOOKUP(Table2[[#This Row],[Rejection Identified at]],'[2]New Reason code'!$C$2:$D$77,2,0),0) -> Process Issue
A53: 49 | B53: 43 | C53: =IFERROR(VLOOKUP(Table2[[#This Row],[Code]],'[2]New Machine sheet'!$A$1:$D$101,2,0),0) -> 252-05 | D53: =IFERROR(VLOOKUP(Table2[[#This Row],[M/c No]],'[2]New Machine sheet'!$B$1:$D$101,2,0),0) -> VMC | E53: =IFERROR(VLOOKUP(Table2[[#This Row],[M/c Name]],'[2]New Machine sheet'!$C$1:$D$101,2,0),0) -> VMC | F53: 155 | G53: =IFERROR(VLOOKUP(Table2[[#This Row],[Code2]],'[2]New Machine sheet'!$F$2:$I$64,2,),0) -> 24155 | H53: =IFERROR(VLOOKUP(Table2[[#This Row],[Code2]],'[2]New Machine sheet'!$F$2:$I$64,3,0),0) -> RE J1 | I53: Shivani | J53: 32 | K53: =IFERROR(VLOOKUP(Table2[[#This Row],[Code3]],'[2]New defect code '!$A$2:$D$129,2,0),0) -> Double Dot Punching | L53: 02.09.26 | M53: 46266 | N53: 12 | R53: =SUBTOTAL(9,Table2[[#This Row],[1st]:[FQC]]) -> 12 | S53: =IFERROR(VLOOKUP(Table2[[#This Row],[Part No.]],'[2]New Machine sheet'!$G$2:$I$90,3,0),0) -> 107.67 | T53: =Table2[[#This Row],[cost per piece]]*Table2[[#This Row],[Total Rej. qty]] -> 1292.04 | U53: =IFERROR(VLOOKUP(Table2[[#This Row],[Non Conformance]],'[2]New defect code '!$B$2:$C$129,2,0),0) -> 0 | V53: 66 | W53: =IFERROR(VLOOKUP(Table2[[#This Row],[Code4]],'[2]New Reason code'!$A$2:$D$77,2,0),0) -> Wrong Loading | X53: =IFERROR(VLOOKUP(Table2[[#This Row],[Reason]],'[2]New Reason code'!$B$2:$D$77,2,0),0) -> Due to operator | Y53: =IFERROR(VLOOKUP(Table2[[#This Row],[Rejection Identified at]],'[2]New Reason code'!$C$2:$D$77,2,0),0) -> infrastructure
A54: 50 | B54: 10 | C54: =IFERROR(VLOOKUP(Table2[[#This Row],[Code]],'[2]New Machine sheet'!$A$1:$D$101,2,0),0) -> 282-10 | D54: =IFERROR(VLOOKUP(Table2[[#This Row],[M/c No]],'[2]New Machine sheet'!$B$1:$D$101,2,0),0) -> Mazak | E54: =IFERROR(VLOOKUP(Table2[[#This Row],[M/c Name]],'[2]New Machine sheet'!$C$1:$D$101,2,0),0) -> Turning | F54: 155 | G54: =IFERROR(VLOOKUP(Table2[[#This Row],[Code2]],'[2]New Machine sheet'!$F$2:$I$64,2,),0) -> 24155 | H54: =IFERROR(VLOOKUP(Table2[[#This Row],[Code2]],'[2]New Machine sheet'!$F$2:$I$64,3,0),0) -> RE J1 | I54: Ritu | J54: 93 | K54: =IFERROR(VLOOKUP(Table2[[#This Row],[Code3]],'[2]New defect code '!$A$2:$D$129,2,0),0) -> Thickness Under size | L54: 02.09.26 | M54: 46266 | N54: 2 | R54: =SUBTOTAL(9,Table2[[#This Row],[1st]:[FQC]]) -> 2 | S54: =IFERROR(VLOOKUP(Table2[[#This Row],[Part No.]],'[2]New Machine sheet'!$G$2:$I$90,3,0),0) -> 107.67 | T54: =Table2[[#This Row],[cost per piece]]*Table2[[#This Row],[Total Rej. qty]] -> 215.34 | U54: =IFERROR(VLOOKUP(Table2[[#This Row],[Non Conformance]],'[2]New defect code '!$B$2:$C$129,2,0),0) -> 3258 | V54: 19 | W54: =IFERROR(VLOOKUP(Table2[[#This Row],[Code4]],'[2]New Reason code'!$A$2:$D$77,2,0),0) -> During Rework time | X54: =IFERROR(VLOOKUP(Table2[[#This Row],[Reason]],'[2]New Reason code'!$B$2:$D$77,2,0),0) -> Due to operator | Y54: =IFERROR(VLOOKUP(Table2[[#This Row],[Rejection Identified at]],'[2]New Reason code'!$C$2:$D$77,2,0),0) -> infrastructure
A55: 51 | B55: 13 | C55: =IFERROR(VLOOKUP(Table2[[#This Row],[Code]],'[2]New Machine sheet'!$A$1:$D$101,2,0),0) -> 282-13 | D55: =IFERROR(VLOOKUP(Table2[[#This Row],[M/c No]],'[2]New Machine sheet'!$B$1:$D$101,2,0),0) -> Mazak | E55: =IFERROR(VLOOKUP(Table2[[#This Row],[M/c Name]],'[2]New Machine sheet'!$C$1:$D$101,2,0),0) -> Turning | F55: 119 | G55: =IFERROR(VLOOKUP(Table2[[#This Row],[Code2]],'[2]New Machine sheet'!$F$2:$I$64,2,),0) -> 24119 | H55: =IFERROR(VLOOKUP(Table2[[#This Row],[Code2]],'[2]New Machine sheet'!$F$2:$I$64,3,0),0) -> RE J1 | I55: Ravendra | J55: 5 | K55: =IFERROR(VLOOKUP(Table2[[#This Row],[Code3]],'[2]New defect code '!$A$2:$D$129,2,0),0) -> Bore Over size | L55: 02.09.26 | M55: 46266 | N55: 9 | R55: =SUBTOTAL(9,Table2[[#This Row],[1st]:[FQC]]) -> 9 | S55: =IFERROR(VLOOKUP(Table2[[#This Row],[Part No.]],'[2]New Machine sheet'!$G$2:$I$90,3,0),0) -> 103.2 | T55: =Table2[[#This Row],[cost per piece]]*Table2[[#This Row],[Total Rej. qty]] -> 928.8 | U55: =IFERROR(VLOOKUP(Table2[[#This Row],[Non Conformance]],'[2]New defect code '!$B$2:$C$129,2,0),0) -> 3243 | V55: 19 | W55: =IFERROR(VLOOKUP(Table2[[#This Row],[Code4]],'[2]New Reason code'!$A$2:$D$77,2,0),0) -> During Rework time | X55: =IFERROR(VLOOKUP(Table2[[#This Row],[Reason]],'[2]New Reason code'!$B$2:$D$77,2,0),0) -> Due to operator | Y55: =IFERROR(VLOOKUP(Table2[[#This Row],[Rejection Identified at]],'[2]New Reason code'!$C$2:$D$77,2,0),0) -> infrastructure
A56: 52 | B56: 22 | C56: =IFERROR(VLOOKUP(Table2[[#This Row],[Code]],'[2]New Machine sheet'!$A$1:$D$101,2,0),0) -> ACE-02 | D56: =IFERROR(VLOOKUP(Table2[[#This Row],[M/c No]],'[2]New Machine sheet'!$B$1:$D$101,2,0),0) -> Micromatic | E56: =IFERROR(VLOOKUP(Table2[[#This Row],[M/c Name]],'[2]New Machine sheet'!$C$1:$D$101,2,0),0) -> Turning | F56: 115 | G56: =IFERROR(VLOOKUP(Table2[[#This Row],[Code2]],'[2]New Machine sheet'!$F$2:$I$64,2,),0) -> 24115 | H56: =IFERROR(VLOOKUP(Table2[[#This Row],[Code2]],'[2]New Machine sheet'!$F$2:$I$64,3,0),0) -> RE J1 | I56: Anjali | J56: 5 | K56: =IFERROR(VLOOKUP(Table2[[#This Row],[Code3]],'[2]New defect code '!$A$2:$D$129,2,0),0) -> Bore Over size | L56: 02.09.26 | M56: 46266 | N56: 1 | R56: =SUBTOTAL(9,Table2[[#This Row],[1st]:[FQC]]) -> 1 | S56: =IFERROR(VLOOKUP(Table2[[#This Row],[Part No.]],'[2]New Machine sheet'!$G$2:$I$90,3,0),0) -> 66.9 | T56: =Table2[[#This Row],[cost per piece]]*Table2[[#This Row],[Total Rej. qty]] -> 66.9 | U56: =IFERROR(VLOOKUP(Table2[[#This Row],[Non Conformance]],'[2]New defect code '!$B$2:$C$129,2,0),0) -> 3243 | V56: 18 | W56: =IFERROR(VLOOKUP(Table2[[#This Row],[Code4]],'[2]New Reason code'!$A$2:$D$77,2,0),0) -> During insert change | X56: =IFERROR(VLOOKUP(Table2[[#This Row],[Reason]],'[2]New Reason code'!$B$2:$D$77,2,0),0) -> Due to Settup | Y56: =IFERROR(VLOOKUP(Table2[[#This Row],[Rejection Identified at]],'[2]New Reason code'!$C$2:$D$77,2,0),0) -> skill
A57: 53 | B57: 20 | C57: =IFERROR(VLOOKUP(Table2[[#This Row],[Code]],'[2]New Machine sheet'!$A$1:$D$101,2,0),0) -> 282-20 | D57: =IFERROR(VLOOKUP(Table2[[#This Row],[M/c No]],'[2]New Machine sheet'!$B$1:$D$101,2,0),0) -> Mazak | E57: =IFERROR(VLOOKUP(Table2[[#This Row],[M/c Name]],'[2]New Machine sheet'!$C$1:$D$101,2,0),0) -> Turning | F57: 115 | G57: =IFERROR(VLOOKUP(Table2[[#This Row],[Code2]],'[2]New Machine sheet'!$F$2:$I$64,2,),0) -> 24115 | H57: =IFERROR(VLOOKUP(Table2[[#This Row],[Code2]],'[2]New Machine sheet'!$F$2:$I$64,3,0),0) -> RE J1 | I57: Anjali | J57: 5 | K57: =IFERROR(VLOOKUP(Table2[[#This Row],[Code3]],'[2]New defect code '!$A$2:$D$129,2,0),0) -> Bore Over size | L57: 02.09.26 | M57: 46266 | N57: 1 | R57: =SUBTOTAL(9,Table2[[#This Row],[1st]:[FQC]]) -> 1 | S57: =IFERROR(VLOOKUP(Table2[[#This Row],[Part No.]],'[2]New Machine sheet'!$G$2:$I$90,3,0),0) -> 66.9 | T57: =Table2[[#This Row],[cost per piece]]*Table2[[#This Row],[Total Rej. qty]] -> 66.9 | U57: =IFERROR(VLOOKUP(Table2[[#This Row],[Non Conformance]],'[2]New defect code '!$B$2:$C$129,2,0),0) -> 3243 | V57: 18 | W57: =IFERROR(VLOOKUP(Table2[[#This Row],[Code4]],'[2]New Reason code'!$A$2:$D$77,2,0),0) -> During insert change | X57: =IFERROR(VLOOKUP(Table2[[#This Row],[Reason]],'[2]New Reason code'!$B$2:$D$77,2,0),0) -> Due to Settup | Y57: =IFERROR(VLOOKUP(Table2[[#This Row],[Rejection Identified at]],'[2]New Reason code'!$C$2:$D$77,2,0),0) -> skill
A58: 54 | B58: 42 | C58: =IFERROR(VLOOKUP(Table2[[#This Row],[Code]],'[2]New Machine sheet'!$A$1:$D$101,2,0),0) -> 252-04 | D58: =IFERROR(VLOOKUP(Table2[[#This Row],[M/c No]],'[2]New Machine sheet'!$B$1:$D$101,2,0),0) -> VMC | E58: =IFERROR(VLOOKUP(Table2[[#This Row],[M/c Name]],'[2]New Machine sheet'!$C$1:$D$101,2,0),0) -> VMC | F58: 154 | G58: =IFERROR(VLOOKUP(Table2[[#This Row],[Code2]],'[2]New Machine sheet'!$F$2:$I$64,2,),0) -> 24154 | H58: =IFERROR(VLOOKUP(Table2[[#This Row],[Code2]],'[2]New Machine sheet'!$F$2:$I$64,3,0),0) -> RE J1 | J58: 32 | K58: =IFERROR(VLOOKUP(Table2[[#This Row],[Code3]],'[2]New defect code '!$A$2:$D$129,2,0),0) -> Double Dot Punching | L58: 02.09.26 | M58: 46266 | N58: 3 | R58: =SUBTOTAL(9,Table2[[#This Row],[1st]:[FQC]]) -> 3 | S58: =IFERROR(VLOOKUP(Table2[[#This Row],[Part No.]],'[2]New Machine sheet'!$G$2:$I$90,3,0),0) -> 82.64 | T58: =Table2[[#This Row],[cost per piece]]*Table2[[#This Row],[Total Rej. qty]] -> 247.92 | U58: =IFERROR(VLOOKUP(Table2[[#This Row],[Non Conformance]],'[2]New defect code '!$B$2:$C$129,2,0),0) -> 0 | V58: 12 | W58: =IFERROR(VLOOKUP(Table2[[#This Row],[Code4]],'[2]New Reason code'!$A$2:$D$77,2,0),0) -> Double loading | X58: =IFERROR(VLOOKUP(Table2[[#This Row],[Reason]],'[2]New Reason code'!$B$2:$D$77,2,0),0) -> Due to operator | Y58: =IFERROR(VLOOKUP(Table2[[#This Row],[Rejection Identified at]],'[2]New Reason code'!$C$2:$D$77,2,0),0) -> infrastructure
A59: 55 | B59: 4 | C59: =IFERROR(VLOOKUP(Table2[[#This Row],[Code]],'[2]New Machine sheet'!$A$1:$D$101,2,0),0) -> 282-04 | D59: =IFERROR(VLOOKUP(Table2[[#This Row],[M/c No]],'[2]New Machine sheet'!$B$1:$D$101,2,0),0) -> Mazak | E59: =IFERROR(VLOOKUP(Table2[[#This Row],[M/c Name]],'[2]New Machine sheet'!$C$1:$D$101,2,0),0) -> Turning | F59: 155 | G59: =IFERROR(VLOOKUP(Table2[[#This Row],[Code2]],'[2]New Machine sheet'!$F$2:$I$64,2,),0) -> 24155 | H59: =IFERROR(VLOOKUP(Table2[[#This Row],[Code2]],'[2]New Machine sheet'!$F$2:$I$64,3,0),0) -> RE J1 | I59: Vikas | J59: 5 | K59: =IFERROR(VLOOKUP(Table2[[#This Row],[Code3]],'[2]New defect code '!$A$2:$D$129,2,0),0) -> Bore Over size | L59: 02.09.26 | M59: 46266 | N59: 1 | R59: =SUBTOTAL(9,Table2[[#This Row],[1st]:[FQC]]) -> 1 | S59: =IFERROR(VLOOKUP(Table2[[#This Row],[Part No.]],'[2]New Machine sheet'!$G$2:$I$90,3,0),0) -> 107.67 | T59: =Table2[[#This Row],[cost per piece]]*Table2[[#This Row],[Total Rej. qty]] -> 107.67 | U59: =IFERROR(VLOOKUP(Table2[[#This Row],[Non Conformance]],'[2]New defect code '!$B$2:$C$129,2,0),0) -> 3243 | V59: 45 | W59: =IFERROR(VLOOKUP(Table2[[#This Row],[Code4]],'[2]New Reason code'!$A$2:$D$77,2,0),0) -> Running m/c | X59: =IFERROR(VLOOKUP(Table2[[#This Row],[Reason]],'[2]New Reason code'!$B$2:$D$77,2,0),0) -> Due to machine | Y59: =IFERROR(VLOOKUP(Table2[[#This Row],[Rejection Identified at]],'[2]New Reason code'!$C$2:$D$77,2,0),0) -> process
A60: 56 | B60: 46 | C60: =IFERROR(VLOOKUP(Table2[[#This Row],[Code]],'[2]New Machine sheet'!$A$1:$D$101,2,0),0) -> MURATEC-02 | D60: =IFERROR(VLOOKUP(Table2[[#This Row],[M/c No]],'[2]New Machine sheet'!$B$1:$D$101,2,0),0) -> MURATEC | E60: =IFERROR(VLOOKUP(Table2[[#This Row],[M/c Name]],'[2]New Machine sheet'!$C$1:$D$101,2,0),0) -> turning | F60: 127 | G60: =IFERROR(VLOOKUP(Table2[[#This Row],[Code2]],'[2]New Machine sheet'!$F$2:$I$64,2,),0) -> 24127 | H60: =IFERROR(VLOOKUP(Table2[[#This Row],[Code2]],'[2]New Machine sheet'!$F$2:$I$64,3,0),0) -> RE J1 | I60: Amar | J60: 5 | K60: =IFERROR(VLOOKUP(Table2[[#This Row],[Code3]],'[2]New defect code '!$A$2:$D$129,2,0),0) -> Bore Over size | L60: 02.09.26 | M60: 46266 | N60: 1 | R60: =SUBTOTAL(9,Table2[[#This Row],[1st]:[FQC]]) -> 1 | S60: =IFERROR(VLOOKUP(Table2[[#This Row],[Part No.]],'[2]New Machine sheet'!$G$2:$I$90,3,0),0) -> 262.812 | T60: =Table2[[#This Row],[cost per piece]]*Table2[[#This Row],[Total Rej. qty]] -> 262.812 | U60: =IFERROR(VLOOKUP(Table2[[#This Row],[Non Conformance]],'[2]New defect code '!$B$2:$C$129,2,0),0) -> 3243 | V60: 18 | W60: =IFERROR(VLOOKUP(Table2[[#This Row],[Code4]],'[2]New Reason code'!$A$2:$D$77,2,0),0) -> During insert change | X60: =IFERROR(VLOOKUP(Table2[[#This Row],[Reason]],'[2]New Reason code'!$B$2:$D$77,2,0),0) -> Due to Settup | Y60: =IFERROR(VLOOKUP(Table2[[#This Row],[Rejection Identified at]],'[2]New Reason code'!$C$2:$D$77,2,0),0) -> skill
A61: 57 | B61: 17 | C61: =IFERROR(VLOOKUP(Table2[[#This Row],[Code]],'[2]New Machine sheet'!$A$1:$D$101,2,0),0) -> 282-17 | D61: =IFERROR(VLOOKUP(Table2[[#This Row],[M/c No]],'[2]New Machine sheet'!$B$1:$D$101,2,0),0) -> Mazak | E61: =IFERROR(VLOOKUP(Table2[[#This Row],[M/c Name]],'[2]New Machine sheet'!$C$1:$D$101,2,0),0) -> Turning | F61: 113 | G61: =IFERROR(VLOOKUP(Table2[[#This Row],[Code2]],'[2]New Machine sheet'!$F$2:$I$64,2,),0) -> 24113 | H61: =IFERROR(VLOOKUP(Table2[[#This Row],[Code2]],'[2]New Machine sheet'!$F$2:$I$64,3,0),0) -> RE J1 | I61: Swati | J61: 5 | K61: =IFERROR(VLOOKUP(Table2[[#This Row],[Code3]],'[2]New defect code '!$A$2:$D$129,2,0),0) -> Bore Over size | L61: 02.09.26 | M61: 46266 | N61: 17 | R61: =SUBTOTAL(9,Table2[[#This Row],[1st]:[FQC]]) -> 17 | S61: =IFERROR(VLOOKUP(Table2[[#This Row],[Part No.]],'[2]New Machine sheet'!$G$2:$I$90,3,0),0) -> 90 | T61: =Table2[[#This Row],[cost per piece]]*Table2[[#This Row],[Total Rej. qty]] -> 1530 | U61: =IFERROR(VLOOKUP(Table2[[#This Row],[Non Conformance]],'[2]New defect code '!$B$2:$C$129,2,0),0) -> 3243 | V61: 19 | W61: =IFERROR(VLOOKUP(Table2[[#This Row],[Code4]],'[2]New Reason code'!$A$2:$D$77,2,0),0) -> During Rework time | X61: =IFERROR(VLOOKUP(Table2[[#This Row],[Reason]],'[2]New Reason code'!$B$2:$D$77,2,0),0) -> Due to operator | Y61: =IFERROR(VLOOKUP(Table2[[#This Row],[Rejection Identified at]],'[2]New Reason code'!$C$2:$D$77,2,0),0) -> infrastructure
A62: 58 | B62: 45 | C62: =IFERROR(VLOOKUP(Table2[[#This Row],[Code]],'[2]New Machine sheet'!$A$1:$D$101,2,0),0) -> MURATEC-01 | D62: =IFERROR(VLOOKUP(Table2[[#This Row],[M/c No]],'[2]New Machine sheet'!$B$1:$D$101,2,0),0) -> MURATEC | E62: =IFERROR(VLOOKUP(Table2[[#This Row],[M/c Name]],'[2]New Machine sheet'!$C$1:$D$101,2,0),0) -> turning | F62: 172 | G62: =IFERROR(VLOOKUP(Table2[[#This Row],[Code2]],'[2]New Machine sheet'!$F$2:$I$64,2,),0) -> 24172 | H62: =IFERROR(VLOOKUP(Table2[[#This Row],[Code2]],'[2]New Machine sheet'!$F$2:$I$64,3,0),0) -> RE J1 | I62: Amar | J62: 66 | K62: =IFERROR(VLOOKUP(Table2[[#This Row],[Code3]],'[2]New defect code '!$A$2:$D$129,2,0),0) -> OD Under Size | L62: 02.09.26 | M62: 46266 | N62: 2 | R62: =SUBTOTAL(9,Table2[[#This Row],[1st]:[FQC]]) -> 2 | S62: =IFERROR(VLOOKUP(Table2[[#This Row],[Part No.]],'[2]New Machine sheet'!$G$2:$I$90,3,0),0) -> 348.33 | T62: =Table2[[#This Row],[cost per piece]]*Table2[[#This Row],[Total Rej. qty]] -> 696.66 | U62: =IFERROR(VLOOKUP(Table2[[#This Row],[Non Conformance]],'[2]New defect code '!$B$2:$C$129,2,0),0) -> 3242 | V62: 18 | W62: =IFERROR(VLOOKUP(Table2[[#This Row],[Code4]],'[2]New Reason code'!$A$2:$D$77,2,0),0) -> During insert change | X62: =IFERROR(VLOOKUP(Table2[[#This Row],[Reason]],'[2]New Reason code'!$B$2:$D$77,2,0),0) -> Due to Settup | Y62: =IFERROR(VLOOKUP(Table2[[#This Row],[Rejection Identified at]],'[2]New Reason code'!$C$2:$D$77,2,0),0) -> skill
A63: 59 | B63: 15 | C63: =IFERROR(VLOOKUP(Table2[[#This Row],[Code]],'[2]New Machine sheet'!$A$1:$D$101,2,0),0) -> 282-15 | D63: =IFERROR(VLOOKUP(Table2[[#This Row],[M/c No]],'[2]New Machine sheet'!$B$1:$D$101,2,0),0) -> Mazak | E63: =IFERROR(VLOOKUP(Table2[[#This Row],[M/c Name]],'[2]New Machine sheet'!$C$1:$D$101,2,0),0) -> Turning | F63: 127 | G63: =IFERROR(VLOOKUP(Table2[[#This Row],[Code2]],'[2]New Machine sheet'!$F$2:$I$64,2,),0) -> 24127 | H63: =IFERROR(VLOOKUP(Table2[[#This Row],[Code2]],'[2]New Machine sheet'!$F$2:$I$64,3,0),0) -> RE J1 | I63: Devendra | J63: 66 | K63: =IFERROR(VLOOKUP(Table2[[#This Row],[Code3]],'[2]New defect code '!$A$2:$D$129,2,0),0) -> OD Under Size | L63: 02.09.26 | M63: 46266 | N63: 4 | R63: =SUBTOTAL(9,Table2[[#This Row],[1st]:[FQC]]) -> 4 | S63: =IFERROR(VLOOKUP(Table2[[#This Row],[Part No.]],'[2]New Machine sheet'!$G$2:$I$90,3,0),0) -> 262.812 | T63: =Table2[[#This Row],[cost per piece]]*Table2[[#This Row],[Total Rej. qty]] -> 1051.248 | U63: =IFERROR(VLOOKUP(Table2[[#This Row],[Non Conformance]],'[2]New defect code '!$B$2:$C$129,2,0),0) -> 3242 | V63: 45 | W63: =IFERROR(VLOOKUP(Table2[[#This Row],[Code4]],'[2]New Reason code'!$A$2:$D$77,2,0),0) -> Running m/c | X63: =IFERROR(VLOOKUP(Table2[[#This Row],[Reason]],'[2]New Reason code'!$B$2:$D$77,2,0),0) -> Due to machine | Y63: =IFERROR(VLOOKUP(Table2[[#This Row],[Rejection Identified at]],'[2]New Reason code'!$C$2:$D$77,2,0),0) -> process
A64: 60 | B64: 9 | C64: =IFERROR(VLOOKUP(Table2[[#This Row],[Code]],'[2]New Machine sheet'!$A$1:$D$101,2,0),0) -> 282-09 | D64: =IFERROR(VLOOKUP(Table2[[#This Row],[M/c No]],'[2]New Machine sheet'!$B$1:$D$101,2,0),0) -> Mazak | E64: =IFERROR(VLOOKUP(Table2[[#This Row],[M/c Name]],'[2]New Machine sheet'!$C$1:$D$101,2,0),0) -> Turning | F64: 125 | G64: =IFERROR(VLOOKUP(Table2[[#This Row],[Code2]],'[2]New Machine sheet'!$F$2:$I$64,2,),0) -> 24125 | H64: =IFERROR(VLOOKUP(Table2[[#This Row],[Code2]],'[2]New Machine sheet'!$F$2:$I$64,3,0),0) -> RE J1 | I64: Anjali | J64: 5 | K64: =IFERROR(VLOOKUP(Table2[[#This Row],[Code3]],'[2]New defect code '!$A$2:$D$129,2,0),0) -> Bore Over size | L64: 02.09.26 | M64: 46266 | N64: 2 | R64: =SUBTOTAL(9,Table2[[#This Row],[1st]:[FQC]]) -> 2 | S64: =IFERROR(VLOOKUP(Table2[[#This Row],[Part No.]],'[2]New Machine sheet'!$G$2:$I$90,3,0),0) -> 65.17 | T64: =Table2[[#This Row],[cost per piece]]*Table2[[#This Row],[Total Rej. qty]] -> 130.34 | U64: =IFERROR(VLOOKUP(Table2[[#This Row],[Non Conformance]],'[2]New defect code '!$B$2:$C$129,2,0),0) -> 3243 | V64: 45 | W64: =IFERROR(VLOOKUP(Table2[[#This Row],[Code4]],'[2]New Reason code'!$A$2:$D$77,2,0),0) -> Running m/c | X64: =IFERROR(VLOOKUP(Table2[[#This Row],[Reason]],'[2]New Reason code'!$B$2:$D$77,2,0),0) -> Due to machine | Y64: =IFERROR(VLOOKUP(Table2[[#This Row],[Rejection Identified at]],'[2]New Reason code'!$C$2:$D$77,2,0),0) -> process
A65: 61 | B65: 6 | C65: =IFERROR(VLOOKUP(Table2[[#This Row],[Code]],'[2]New Machine sheet'!$A$1:$D$101,2,0),0) -> 282-06 | D65: =IFERROR(VLOOKUP(Table2[[#This Row],[M/c No]],'[2]New Machine sheet'!$B$1:$D$101,2,0),0) -> Mazak | E65: =IFERROR(VLOOKUP(Table2[[#This Row],[M/c Name]],'[2]New Machine sheet'!$C$1:$D$101,2,0),0) -> Turning | F65: 178 | G65: =IFERROR(VLOOKUP(Table2[[#This Row],[Code2]],'[2]New Machine sheet'!$F$2:$I$64,2,),0) -> 24178 | H65: =IFERROR(VLOOKUP(Table2[[#This Row],[Code2]],'[2]New Machine sheet'!$F$2:$I$64,3,0),0) -> RE J1 | J65: 5 | K65: =IFERROR(VLOOKUP(Table2[[#This Row],[Code3]],'[2]New defect code '!$A$2:$D$129,2,0),0) -> Bore Over size | L65: 02.09.26 | M65: 46266 | N65: 9 | R65: =SUBTOTAL(9,Table2[[#This Row],[1st]:[FQC]]) -> 9 | S65: =IFERROR(VLOOKUP(Table2[[#This Row],[Part No.]],'[2]New Machine sheet'!$G$2:$I$90,3,0),0) -> 70.62 | T65: =Table2[[#This Row],[cost per piece]]*Table2[[#This Row],[Total Rej. qty]] -> 635.58 | U65: =IFERROR(VLOOKUP(Table2[[#This Row],[Non Conformance]],'[2]New defect code '!$B$2:$C$129,2,0),0) -> 3243 | V65: 19 | W65: =IFERROR(VLOOKUP(Table2[[#This Row],[Code4]],'[2]New Reason code'!$A$2:$D$77,2,0),0) -> During Rework time | X65: =IFERROR(VLOOKUP(Table2[[#This Row],[Reason]],'[2]New Reason code'!$B$2:$D$77,2,0),0) -> Due to operator | Y65: =IFERROR(VLOOKUP(Table2[[#This Row],[Rejection Identified at]],'[2]New Reason code'!$C$2:$D$77,2,0),0) -> infrastructure
A66: 62 | B66: 18 | C66: =IFERROR(VLOOKUP(Table2[[#This Row],[Code]],'[2]New Machine sheet'!$A$1:$D$101,2,0),0) -> 282-18 | D66: =IFERROR(VLOOKUP(Table2[[#This Row],[M/c No]],'[2]New Machine sheet'!$B$1:$D$101,2,0),0) -> Mazak | E66: =IFERROR(VLOOKUP(Table2[[#This Row],[M/c Name]],'[2]New Machine sheet'!$C$1:$D$101,2,0),0) -> Turning | F66: 178 | G66: =IFERROR(VLOOKUP(Table2[[#This Row],[Code2]],'[2]New Machine sheet'!$F$2:$I$64,2,),0) -> 24178 | H66: =IFERROR(VLOOKUP(Table2[[#This Row],[Code2]],'[2]New Machine sheet'!$F$2:$I$64,3,0),0) -> RE J1 | J66: 80 | K66: =IFERROR(VLOOKUP(Table2[[#This Row],[Code3]],'[2]New defect code '!$A$2:$D$129,2,0),0) -> Rust | L66: 02.09.26 | M66: 46266 | N66: 6 | R66: =SUBTOTAL(9,Table2[[#This Row],[1st]:[FQC]]) -> 6 | S66: =IFERROR(VLOOKUP(Table2[[#This Row],[Part No.]],'[2]New Machine sheet'!$G$2:$I$90,3,0),0) -> 70.62 | T66: =Table2[[#This Row],[cost per piece]]*Table2[[#This Row],[Total Rej. qty]] -> 423.72 | U66: =IFERROR(VLOOKUP(Table2[[#This Row],[Non Conformance]],'[2]New defect code '!$B$2:$C$129,2,0),0) -> 0 | V66: 15 | W66: =IFERROR(VLOOKUP(Table2[[#This Row],[Code4]],'[2]New Reason code'!$A$2:$D$77,2,0),0) -> During ACMA (5S) time | X66: =IFERROR(VLOOKUP(Table2[[#This Row],[Reason]],'[2]New Reason code'!$B$2:$D$77,2,0),0) -> Prod Declared | Y66: =IFERROR(VLOOKUP(Table2[[#This Row],[Rejection Identified at]],'[2]New Reason code'!$C$2:$D$77,2,0),0) -> Process Issue
A67: 63 | B67: 6 | C67: =IFERROR(VLOOKUP(Table2[[#This Row],[Code]],'[2]New Machine sheet'!$A$1:$D$101,2,0),0) -> 282-06 | D67: =IFERROR(VLOOKUP(Table2[[#This Row],[M/c No]],'[2]New Machine sheet'!$B$1:$D$101,2,0),0) -> Mazak | E67: =IFERROR(VLOOKUP(Table2[[#This Row],[M/c Name]],'[2]New Machine sheet'!$C$1:$D$101,2,0),0) -> Turning | F67: 178 | G67: =IFERROR(VLOOKUP(Table2[[#This Row],[Code2]],'[2]New Machine sheet'!$F$2:$I$64,2,),0) -> 24178 | H67: =IFERROR(VLOOKUP(Table2[[#This Row],[Code2]],'[2]New Machine sheet'!$F$2:$I$64,3,0),0) -> RE J1 | J67: 5 | K67: =IFERROR(VLOOKUP(Table2[[#This Row],[Code3]],'[2]New defect code '!$A$2:$D$129,2,0),0) -> Bore Over size | L67: 02.09.26 | M67: 46266 | N67: 5 | R67: =SUBTOTAL(9,Table2[[#This Row],[1st]:[FQC]]) -> 5 | S67: =IFERROR(VLOOKUP(Table2[[#This Row],[Part No.]],'[2]New Machine sheet'!$G$2:$I$90,3,0),0) -> 70.62 | T67: =Table2[[#This Row],[cost per piece]]*Table2[[#This Row],[Total Rej. qty]] -> 353.1 | U67: =IFERROR(VLOOKUP(Table2[[#This Row],[Non Conformance]],'[2]New defect code '!$B$2:$C$129,2,0),0) -> 3243 | V67: 12 | W67: =IFERROR(VLOOKUP(Table2[[#This Row],[Code4]],'[2]New Reason code'!$A$2:$D$77,2,0),0) -> Double loading | X67: =IFERROR(VLOOKUP(Table2[[#This Row],[Reason]],'[2]New Reason code'!$B$2:$D$77,2,0),0) -> Due to operator | Y67: =IFERROR(VLOOKUP(Table2[[#This Row],[Rejection Identified at]],'[2]New Reason code'!$C$2:$D$77,2,0),0) -> infrastructure
A68: 64 | B68: 17 | C68: =IFERROR(VLOOKUP(Table2[[#This Row],[Code]],'[2]New Machine sheet'!$A$1:$D$101,2,0),0) -> 282-17 | D68: =IFERROR(VLOOKUP(Table2[[#This Row],[M/c No]],'[2]New Machine sheet'!$B$1:$D$101,2,0),0) -> Mazak | E68: =IFERROR(VLOOKUP(Table2[[#This Row],[M/c Name]],'[2]New Machine sheet'!$C$1:$D$101,2,0),0) -> Turning | F68: 178 | G68: =IFERROR(VLOOKUP(Table2[[#This Row],[Code2]],'[2]New Machine sheet'!$F$2:$I$64,2,),0) -> 24178 | H68: =IFERROR(VLOOKUP(Table2[[#This Row],[Code2]],'[2]New Machine sheet'!$F$2:$I$64,3,0),0) -> RE J1 | J68: 5 | K68: =IFERROR(VLOOKUP(Table2[[#This Row],[Code3]],'[2]New defect code '!$A$2:$D$129,2,0),0) -> Bore Over size | L68: 02.09.26 | M68: 46266 | N68: 5 | R68: =SUBTOTAL(9,Table2[[#This Row],[1st]:[FQC]]) -> 5 | S68: =IFERROR(VLOOKUP(Table2[[#This Row],[Part No.]],'[2]New Machine sheet'!$G$2:$I$90,3,0),0) -> 70.62 | T68: =Table2[[#This Row],[cost per piece]]*Table2[[#This Row],[Total Rej. qty]] -> 353.1 | U68: =IFERROR(VLOOKUP(Table2[[#This Row],[Non Conformance]],'[2]New defect code '!$B$2:$C$129,2,0),0) -> 3243 | V68: 45 | W68: =IFERROR(VLOOKUP(Table2[[#This Row],[Code4]],'[2]New Reason code'!$A$2:$D$77,2,0),0) -> Running m/c | X68: =IFERROR(VLOOKUP(Table2[[#This Row],[Reason]],'[2]New Reason code'!$B$2:$D$77,2,0),0) -> Due to machine | Y68: =IFERROR(VLOOKUP(Table2[[#This Row],[Rejection Identified at]],'[2]New Reason code'!$C$2:$D$77,2,0),0) -> process
A69: 65 | B69: 21 | C69: =IFERROR(VLOOKUP(Table2[[#This Row],[Code]],'[2]New Machine sheet'!$A$1:$D$101,2,0),0) -> ACE-01 | D69: =IFERROR(VLOOKUP(Table2[[#This Row],[M/c No]],'[2]New Machine sheet'!$B$1:$D$101,2,0),0) -> Micromatic | E69: =IFERROR(VLOOKUP(Table2[[#This Row],[M/c Name]],'[2]New Machine sheet'!$C$1:$D$101,2,0),0) -> Turning | F69: 121 | G69: =IFERROR(VLOOKUP(Table2[[#This Row],[Code2]],'[2]New Machine sheet'!$F$2:$I$64,2,),0) -> 24121 | H69: =IFERROR(VLOOKUP(Table2[[#This Row],[Code2]],'[2]New Machine sheet'!$F$2:$I$64,3,0),0) -> RE J1 | I69: Govind | J69: 5 | K69: =IFERROR(VLOOKUP(Table2[[#This Row],[Code3]],'[2]New defect code '!$A$2:$D$129,2,0),0) -> Bore Over size | L69: 02.09.26 | M69: 46266 | O69: 3 | R69: =SUBTOTAL(9,Table2[[#This Row],[1st]:[FQC]]) -> 3 | S69: =IFERROR(VLOOKUP(Table2[[#This Row],[Part No.]],'[2]New Machine sheet'!$G$2:$I$90,3,0),0) -> 135.67 | T69: =Table2[[#This Row],[cost per piece]]*Table2[[#This Row],[Total Rej. qty]] -> 407.01 | U69: =IFERROR(VLOOKUP(Table2[[#This Row],[Non Conformance]],'[2]New defect code '!$B$2:$C$129,2,0),0) -> 3243 | V69: 20 | W69: =IFERROR(VLOOKUP(Table2[[#This Row],[Code4]],'[2]New Reason code'!$A$2:$D$77,2,0),0) -> During segrigetion | X69: =IFERROR(VLOOKUP(Table2[[#This Row],[Reason]],'[2]New Reason code'!$B$2:$D$77,2,0),0) -> During segrigetion | Y69: =IFERROR(VLOOKUP(Table2[[#This Row],[Rejection Identified at]],'[2]New Reason code'!$C$2:$D$77,2,0),0) -> Attitude
A70: 66 | B70: 11 | C70: =IFERROR(VLOOKUP(Table2[[#This Row],[Code]],'[2]New Machine sheet'!$A$1:$D$101,2,0),0) -> 282-11 | D70: =IFERROR(VLOOKUP(Table2[[#This Row],[M/c No]],'[2]New Machine sheet'!$B$1:$D$101,2,0),0) -> Mazak | E70: =IFERROR(VLOOKUP(Table2[[#This Row],[M/c Name]],'[2]New Machine sheet'!$C$1:$D$101,2,0),0) -> Turning | F70: 121 | G70: =IFERROR(VLOOKUP(Table2[[#This Row],[Code2]],'[2]New Machine sheet'!$F$2:$I$64,2,),0) -> 24121 | H70: =IFERROR(VLOOKUP(Table2[[#This Row],[Code2]],'[2]New Machine sheet'!$F$2:$I$64,3,0),0) -> RE J1 | I70: Govind | J70: 93 | K70: =IFERROR(VLOOKUP(Table2[[#This Row],[Code3]],'[2]New defect code '!$A$2:$D$129,2,0),0) -> Thickness Under size | L70: 02.09.26 | M70: 46266 | O70: 17 | R70: =SUBTOTAL(9,Table2[[#This Row],[1st]:[FQC]]) -> 17 | S70: =IFERROR(VLOOKUP(Table2[[#This Row],[Part No.]],'[2]New Machine sheet'!$G$2:$I$90,3,0),0) -> 135.67 | T70: =Table2[[#This Row],[cost per piece]]*Table2[[#This Row],[Total Rej. qty]] -> 2306.39 | U70: =IFERROR(VLOOKUP(Table2[[#This Row],[Non Conformance]],'[2]New defect code '!$B$2:$C$129,2,0),0) -> 3258 | V70: 20 | W70: =IFERROR(VLOOKUP(Table2[[#This Row],[Code4]],'[2]New Reason code'!$A$2:$D$77,2,0),0) -> During segrigetion | X70: =IFERROR(VLOOKUP(Table2[[#This Row],[Reason]],'[2]New Reason code'!$B$2:$D$77,2,0),0) -> During segrigetion | Y70: =IFERROR(VLOOKUP(Table2[[#This Row],[Rejection Identified at]],'[2]New Reason code'!$C$2:$D$77,2,0),0) -> Attitude
A71: 67 | B71: 11 | C71: =IFERROR(VLOOKUP(Table2[[#This Row],[Code]],'[2]New Machine sheet'!$A$1:$D$101,2,0),0) -> 282-11 | D71: =IFERROR(VLOOKUP(Table2[[#This Row],[M/c No]],'[2]New Machine sheet'!$B$1:$D$101,2,0),0) -> Mazak | E71: =IFERROR(VLOOKUP(Table2[[#This Row],[M/c Name]],'[2]New Machine sheet'!$C$1:$D$101,2,0),0) -> Turning | F71: 195 | G71: =IFERROR(VLOOKUP(Table2[[#This Row],[Code2]],'[2]New Machine sheet'!$F$2:$I$64,2,),0) -> 24195 | H71: =IFERROR(VLOOKUP(Table2[[#This Row],[Code2]],'[2]New Machine sheet'!$F$2:$I$64,3,0),0) -> RE Bush | I71: Govind | J71: 21 | K71: =IFERROR(VLOOKUP(Table2[[#This Row],[Code3]],'[2]New defect code '!$A$2:$D$129,2,0),0) -> Bush Reject of defective part | L71: 02.09.26 | M71: 46266 | O71: 17 | R71: =SUBTOTAL(9,Table2[[#This Row],[1st]:[FQC]]) -> 17 | S71: =IFERROR(VLOOKUP(Table2[[#This Row],[Part No.]],'[2]New Machine sheet'!$G$2:$I$90,3,0),0) -> 16.39 | T71: =Table2[[#This Row],[cost per piece]]*Table2[[#This Row],[Total Rej. qty]] -> 278.63 | U71: =IFERROR(VLOOKUP(Table2[[#This Row],[Non Conformance]],'[2]New defect code '!$B$2:$C$129,2,0),0) -> 0 | V71: 6 | W71: =IFERROR(VLOOKUP(Table2[[#This Row],[Code4]],'[2]New Reason code'!$A$2:$D$77,2,0),0) -> bush will not use again | X71: =IFERROR(VLOOKUP(Table2[[#This Row],[Reason]],'[2]New Reason code'!$B$2:$D$77,2,0),0) -> Prod Declared | Y71: =IFERROR(VLOOKUP(Table2[[#This Row],[Rejection Identified at]],'[2]New Reason code'!$C$2:$D$77,2,0),0) -> Process Issue
A72: 68 | B72: 35 | C72: =IFERROR(VLOOKUP(Table2[[#This Row],[Code]],'[2]New Machine sheet'!$A$1:$D$101,2,0),0) -> ACE-15 | D72: =IFERROR(VLOOKUP(Table2[[#This Row],[M/c No]],'[2]New Machine sheet'!$B$1:$D$101,2,0),0) -> Micromatic | E72: =IFERROR(VLOOKUP(Table2[[#This Row],[M/c Name]],'[2]New Machine sheet'!$C$1:$D$101,2,0),0) -> Turning | F72: 113 | G72: =IFERROR(VLOOKUP(Table2[[#This Row],[Code2]],'[2]New Machine sheet'!$F$2:$I$64,2,),0) -> 24113 | H72: =IFERROR(VLOOKUP(Table2[[#This Row],[Code2]],'[2]New Machine sheet'!$F$2:$I$64,3,0),0) -> RE J1 | I72: Rahul | J72: 5 | K72: =IFERROR(VLOOKUP(Table2[[#This Row],[Code3]],'[2]New defect code '!$A$2:$D$129,2,0),0) -> Bore Over size | L72: 02.09.26 | M72: 46266 | O72: 8 | R72: =SUBTOTAL(9,Table2[[#This Row],[1st]:[FQC]]) -> 8 | S72: =IFERROR(VLOOKUP(Table2[[#This Row],[Part No.]],'[2]New Machine sheet'!$G$2:$I$90,3,0),0) -> 90 | T72: =Table2[[#This Row],[cost per piece]]*Table2[[#This Row],[Total Rej. qty]] -> 720 | U72: =IFERROR(VLOOKUP(Table2[[#This Row],[Non Conformance]],'[2]New defect code '!$B$2:$C$129,2,0),0) -> 3243 | W72: Hydorlic pressure down | X72: =IFERROR(VLOOKUP(Table2[[#This Row],[Reason]],'[2]New Reason code'!$B$2:$D$77,2,0),0) -> 0 | Y72: =IFERROR(VLOOKUP(Table2[[#This Row],[Rejection Identified at]],'[2]New Reason code'!$C$2:$D$77,2,0),0) -> 0
A73: 69 | B73: 25 | C73: =IFERROR(VLOOKUP(Table2[[#This Row],[Code]],'[2]New Machine sheet'!$A$1:$D$101,2,0),0) -> ACE-05 | D73: =IFERROR(VLOOKUP(Table2[[#This Row],[M/c No]],'[2]New Machine sheet'!$B$1:$D$101,2,0),0) -> Micromatic | E73: =IFERROR(VLOOKUP(Table2[[#This Row],[M/c Name]],'[2]New Machine sheet'!$C$1:$D$101,2,0),0) -> Turning | F73: 122 | G73: =IFERROR(VLOOKUP(Table2[[#This Row],[Code2]],'[2]New Machine sheet'!$F$2:$I$64,2,),0) -> 24122 | H73: =IFERROR(VLOOKUP(Table2[[#This Row],[Code2]],'[2]New Machine sheet'!$F$2:$I$64,3,0),0) -> RE J1 | I73: Rajendra | J73: 5 | K73: =IFERROR(VLOOKUP(Table2[[#This Row],[Code3]],'[2]New defect code '!$A$2:$D$129,2,0),0) -> Bore Over size | L73: 02.09.26 | M73: 46266 | O73: 2 | R73: =SUBTOTAL(9,Table2[[#This Row],[1st]:[FQC]]) -> 2 | S73: =IFERROR(VLOOKUP(Table2[[#This Row],[Part No.]],'[2]New Machine sheet'!$G$2:$I$90,3,0),0) -> 335.39978 | T73: =Table2[[#This Row],[cost per piece]]*Table2[[#This Row],[Total Rej. qty]] -> 670.79955 | U73: =IFERROR(VLOOKUP(Table2[[#This Row],[Non Conformance]],'[2]New defect code '!$B$2:$C$129,2,0),0) -> 3243 | V73: 18 | W73: =IFERROR(VLOOKUP(Table2[[#This Row],[Code4]],'[2]New Reason code'!$A$2:$D$77,2,0),0) -> During insert change | X73: =IFERROR(VLOOKUP(Table2[[#This Row],[Reason]],'[2]New Reason code'!$B$2:$D$77,2,0),0) -> Due to Settup | Y73: =IFERROR(VLOOKUP(Table2[[#This Row],[Rejection Identified at]],'[2]New Reason code'!$C$2:$D$77,2,0),0) -> skill
A74: 70 | B74: 42 | C74: =IFERROR(VLOOKUP(Table2[[#This Row],[Code]],'[2]New Machine sheet'!$A$1:$D$101,2,0),0) -> 252-04 | D74: =IFERROR(VLOOKUP(Table2[[#This Row],[M/c No]],'[2]New Machine sheet'!$B$1:$D$101,2,0),0) -> VMC | E74: =IFERROR(VLOOKUP(Table2[[#This Row],[M/c Name]],'[2]New Machine sheet'!$C$1:$D$101,2,0),0) -> VMC | F74: 154 | G74: =IFERROR(VLOOKUP(Table2[[#This Row],[Code2]],'[2]New Machine sheet'!$F$2:$I$64,2,),0) -> 24154 | H74: =IFERROR(VLOOKUP(Table2[[#This Row],[Code2]],'[2]New Machine sheet'!$F$2:$I$64,3,0),0) -> RE J1 | I74: Rohit | J74: 48 | K74: =IFERROR(VLOOKUP(Table2[[#This Row],[Code3]],'[2]New defect code '!$A$2:$D$129,2,0),0) -> Heavy Dot Punching | L74: 02.09.26 | M74: 46266 | O74: 8 | R74: =SUBTOTAL(9,Table2[[#This Row],[1st]:[FQC]]) -> 8 | S74: =IFERROR(VLOOKUP(Table2[[#This Row],[Part No.]],'[2]New Machine sheet'!$G$2:$I$90,3,0),0) -> 82.64 | T74: =Table2[[#This Row],[cost per piece]]*Table2[[#This Row],[Total Rej. qty]] -> 661.12 | U74: =IFERROR(VLOOKUP(Table2[[#This Row],[Non Conformance]],'[2]New defect code '!$B$2:$C$129,2,0),0) -> 3246 | V74: 19 | W74: =IFERROR(VLOOKUP(Table2[[#This Row],[Code4]],'[2]New Reason code'!$A$2:$D$77,2,0),0) -> During Rework time | X74: =IFERROR(VLOOKUP(Table2[[#This Row],[Reason]],'[2]New Reason code'!$B$2:$D$77,2,0),0) -> Due to operator | Y74: =IFERROR(VLOOKUP(Table2[[#This Row],[Rejection Identified at]],'[2]New Reason code'!$C$2:$D$77,2,0),0) -> infrastructure
A75: 71 | B75: 2 | C75: =IFERROR(VLOOKUP(Table2[[#This Row],[Code]],'[2]New Machine sheet'!$A$1:$D$101,2,0),0) -> 282-02 | D75: =IFERROR(VLOOKUP(Table2[[#This Row],[M/c No]],'[2]New Machine sheet'!$B$1:$D$101,2,0),0) -> Mazak | E75: =IFERROR(VLOOKUP(Table2[[#This Row],[M/c Name]],'[2]New Machine sheet'!$C$1:$D$101,2,0),0) -> Turning | F75: 77 | G75: =IFERROR(VLOOKUP(Table2[[#This Row],[Code2]],'[2]New Machine sheet'!$F$2:$I$64,2,),0) -> 2477 | H75: =IFERROR(VLOOKUP(Table2[[#This Row],[Code2]],'[2]New Machine sheet'!$F$2:$I$64,3,0),0) -> RE P1 | I75: Rohit | J75: 93 | K75: =IFERROR(VLOOKUP(Table2[[#This Row],[Code3]],'[2]New defect code '!$A$2:$D$129,2,0),0) -> Thickness Under size | L75: 02.09.26 | M75: 46266 | O75: 8 | R75: =SUBTOTAL(9,Table2[[#This Row],[1st]:[FQC]]) -> 8 | S75: =IFERROR(VLOOKUP(Table2[[#This Row],[Part No.]],'[2]New Machine sheet'!$G$2:$I$90,3,0),0) -> 79.065 | T75: =Table2[[#This Row],[cost per piece]]*Table2[[#This Row],[Total Rej. qty]] -> 632.52 | U75: =IFERROR(VLOOKUP(Table2[[#This Row],[Non Conformance]],'[2]New defect code '!$B$2:$C$129,2,0),0) -> 3258 | V75: 18 | W75: =IFERROR(VLOOKUP(Table2[[#This Row],[Code4]],'[2]New Reason code'!$A$2:$D$77,2,0),0) -> During insert change | X75: =IFERROR(VLOOKUP(Table2[[#This Row],[Reason]],'[2]New Reason code'!$B$2:$D$77,2,0),0) -> Due to Settup | Y75: =IFERROR(VLOOKUP(Table2[[#This Row],[Rejection Identified at]],'[2]New Reason code'!$C$2:$D$77,2,0),0) -> skill
A76: 72 | B76: 2 | C76: =IFERROR(VLOOKUP(Table2[[#This Row],[Code]],'[2]New Machine sheet'!$A$1:$D$101,2,0),0) -> 282-02 | D76: =IFERROR(VLOOKUP(Table2[[#This Row],[M/c No]],'[2]New Machine sheet'!$B$1:$D$101,2,0),0) -> Mazak | E76: =IFERROR(VLOOKUP(Table2[[#This Row],[M/c Name]],'[2]New Machine sheet'!$C$1:$D$101,2,0),0) -> Turning | F76: 77 | G76: =IFERROR(VLOOKUP(Table2[[#This Row],[Code2]],'[2]New Machine sheet'!$F$2:$I$64,2,),0) -> 2477 | H76: =IFERROR(VLOOKUP(Table2[[#This Row],[Code2]],'[2]New Machine sheet'!$F$2:$I$64,3,0),0) -> RE P1 | I76: Rohit | J76: 5 | K76: =IFERROR(VLOOKUP(Table2[[#This Row],[Code3]],'[2]New defect code '!$A$2:$D$129,2,0),0) -> Bore Over size | L76: 02.09.26 | M76: 46266 | O76: 2 | R76: =SUBTOTAL(9,Table2[[#This Row],[1st]:[FQC]]) -> 2 | S76: =IFERROR(VLOOKUP(Table2[[#This Row],[Part No.]],'[2]New Machine sheet'!$G$2:$I$90,3,0),0) -> 79.065 | T76: =Table2[[#This Row],[cost per piece]]*Table2[[#This Row],[Total Rej. qty]] -> 158.13 | U76: =IFERROR(VLOOKUP(Table2[[#This Row],[Non Conformance]],'[2]New defect code '!$B$2:$C$129,2,0),0) -> 3243 | V76: 18 | W76: =IFERROR(VLOOKUP(Table2[[#This Row],[Code4]],'[2]New Reason code'!$A$2:$D$77,2,0),0) -> During insert change | X76: =IFERROR(VLOOKUP(Table2[[#This Row],[Reason]],'[2]New Reason code'!$B$2:$D$77,2,0),0) -> Due to Settup | Y76: =IFERROR(VLOOKUP(Table2[[#This Row],[Rejection Identified at]],'[2]New Reason code'!$C$2:$D$77,2,0),0) -> skill
A77: 73 | B77: 20 | C77: =IFERROR(VLOOKUP(Table2[[#This Row],[Code]],'[2]New Machine sheet'!$A$1:$D$101,2,0),0) -> 282-20 | D77: =IFERROR(VLOOKUP(Table2[[#This Row],[M/c No]],'[2]New Machine sheet'!$B$1:$D$101,2,0),0) -> Mazak | E77: =IFERROR(VLOOKUP(Table2[[#This Row],[M/c Name]],'[2]New Machine sheet'!$C$1:$D$101,2,0),0) -> Turning | F77: 115 | G77: =IFERROR(VLOOKUP(Table2[[#This Row],[Code2]],'[2]New Machine sheet'!$F$2:$I$64,2,),0) -> 24115 | H77: =IFERROR(VLOOKUP(Table2[[#This Row],[Code2]],'[2]New Machine sheet'!$F$2:$I$64,3,0),0) -> RE J1 | J77: 5 | K77: =IFERROR(VLOOKUP(Table2[[#This Row],[Code3]],'[2]New defect code '!$A$2:$D$129,2,0),0) -> Bore Over size | L77: 02.09.26 | M77: 46266 | O77: 1 | R77: =SUBTOTAL(9,Table2[[#This Row],[1st]:[FQC]]) -> 1 | S77: =IFERROR(VLOOKUP(Table2[[#This Row],[Part No.]],'[2]New Machine sheet'!$G$2:$I$90,3,0),0) -> 66.9 | T77: =Table2[[#This Row],[cost per piece]]*Table2[[#This Row],[Total Rej. qty]] -> 66.9 | U77: =IFERROR(VLOOKUP(Table2[[#This Row],[Non Conformance]],'[2]New defect code '!$B$2:$C$129,2,0),0) -> 3243 | V77: 21 | W77: =IFERROR(VLOOKUP(Table2[[#This Row],[Code4]],'[2]New Reason code'!$A$2:$D$77,2,0),0) -> During setup time | X77: =IFERROR(VLOOKUP(Table2[[#This Row],[Reason]],'[2]New Reason code'!$B$2:$D$77,2,0),0) -> Due to Settup | Y77: =IFERROR(VLOOKUP(Table2[[#This Row],[Rejection Identified at]],'[2]New Reason code'!$C$2:$D$77,2,0),0) -> skill
A78: 74 | C78: 252-06 | D78: =IFERROR(VLOOKUP(Table2[[#This Row],[M/c No]],'[2]New Machine sheet'!$B$1:$D$101,2,0),0) -> VMC | E78: =IFERROR(VLOOKUP(Table2[[#This Row],[M/c Name]],'[2]New Machine sheet'!$C$1:$D$101,2,0),0) -> VMC | F78: 155 | G78: =IFERROR(VLOOKUP(Table2[[#This Row],[Code2]],'[2]New Machine sheet'!$F$2:$I$64,2,),0) -> 24155 | H78: =IFERROR(VLOOKUP(Table2[[#This Row],[Code2]],'[2]New Machine sheet'!$F$2:$I$64,3,0),0) -> RE J1 | I78: Rohit | J78: 72 | K78: =IFERROR(VLOOKUP(Table2[[#This Row],[Code3]],'[2]New defect code '!$A$2:$D$129,2,0),0) -> PG No Go pass | L78: 02.09.26 | M78: 46266 | O78: 2 | R78: =SUBTOTAL(9,Table2[[#This Row],[1st]:[FQC]]) -> 2 | S78: =IFERROR(VLOOKUP(Table2[[#This Row],[Part No.]],'[2]New Machine sheet'!$G$2:$I$90,3,0),0) -> 107.67 | T78: =Table2[[#This Row],[cost per piece]]*Table2[[#This Row],[Total Rej. qty]] -> 215.34 | U78: =IFERROR(VLOOKUP(Table2[[#This Row],[Non Conformance]],'[2]New defect code '!$B$2:$C$129,2,0),0) -> 0 | V78: 19 | W78: =IFERROR(VLOOKUP(Table2[[#This Row],[Code4]],'[2]New Reason code'!$A$2:$D$77,2,0),0) -> During Rework time | X78: =IFERROR(VLOOKUP(Table2[[#This Row],[Reason]],'[2]New Reason code'!$B$2:$D$77,2,0),0) -> Due to operator | Y78: =IFERROR(VLOOKUP(Table2[[#This Row],[Rejection Identified at]],'[2]New Reason code'!$C$2:$D$77,2,0),0) -> infrastructure
A79: 75 | B79: 22 | C79: =IFERROR(VLOOKUP(Table2[[#This Row],[Code]],'[2]New Machine sheet'!$A$1:$D$101,2,0),0) -> ACE-02 | D79: =IFERROR(VLOOKUP(Table2[[#This Row],[M/c No]],'[2]New Machine sheet'!$B$1:$D$101,2,0),0) -> Micromatic | E79: =IFERROR(VLOOKUP(Table2[[#This Row],[M/c Name]],'[2]New Machine sheet'!$C$1:$D$101,2,0),0) -> Turning | F79: 115 | G79: =IFERROR(VLOOKUP(Table2[[#This Row],[Code2]],'[2]New Machine sheet'!$F$2:$I$64,2,),0) -> 24115 | H79: =IFERROR(VLOOKUP(Table2[[#This Row],[Code2]],'[2]New Machine sheet'!$F$2:$I$64,3,0),0) -> RE J1 | I79: Ravendra | J79: 5 | K79: =IFERROR(VLOOKUP(Table2[[#This Row],[Code3]],'[2]New defect code '!$A$2:$D$129,2,0),0) -> Bore Over size | L79: 02.09.26 | M79: 46266 | O79: 8 | R79: =SUBTOTAL(9,Table2[[#This Row],[1st]:[FQC]]) -> 8 | S79: =IFERROR(VLOOKUP(Table2[[#This Row],[Part No.]],'[2]New Machine sheet'!$G$2:$I$90,3,0),0) -> 66.9 | T79: =Table2[[#This Row],[cost per piece]]*Table2[[#This Row],[Total Rej. qty]] -> 535.2 | U79: =IFERROR(VLOOKUP(Table2[[#This Row],[Non Conformance]],'[2]New defect code '!$B$2:$C$129,2,0),0) -> 3243 | V79: 19 | W79: =IFERROR(VLOOKUP(Table2[[#This Row],[Code4]],'[2]New Reason code'!$A$2:$D$77,2,0),0) -> During Rework time | X79: =IFERROR(VLOOKUP(Table2[[#This Row],[Reason]],'[2]New Reason code'!$B$2:$D$77,2,0),0) -> Due to operator | Y79: =IFERROR(VLOOKUP(Table2[[#This Row],[Rejection Identified at]],'[2]New Reason code'!$C$2:$D$77,2,0),0) -> infrastructure
A80: 76 | B80: 38 | C80: =IFERROR(VLOOKUP(Table2[[#This Row],[Code]],'[2]New Machine sheet'!$A$1:$D$101,2,0),0) -> ACE-18 | D80: =IFERROR(VLOOKUP(Table2[[#This Row],[M/c No]],'[2]New Machine sheet'!$B$1:$D$101,2,0),0) -> Micromatic | E80: =IFERROR(VLOOKUP(Table2[[#This Row],[M/c Name]],'[2]New Machine sheet'!$C$1:$D$101,2,0),0) -> Turning | F80: 127 | G80: =IFERROR(VLOOKUP(Table2[[#This Row],[Code2]],'[2]New Machine sheet'!$F$2:$I$64,2,),0) -> 24127 | H80: =IFERROR(VLOOKUP(Table2[[#This Row],[Code2]],'[2]New Machine sheet'!$F$2:$I$64,3,0),0) -> RE J1 | I80: Mahendra | J80: 5 | K80: =IFERROR(VLOOKUP(Table2[[#This Row],[Code3]],'[2]New defect code '!$A$2:$D$129,2,0),0) -> Bore Over size | L80: 02.09.26 | M80: 46266 | O80: 1 | R80: =SUBTOTAL(9,Table2[[#This Row],[1st]:[FQC]]) -> 1 | S80: =IFERROR(VLOOKUP(Table2[[#This Row],[Part No.]],'[2]New Machine sheet'!$G$2:$I$90,3,0),0) -> 262.812 | T80: =Table2[[#This Row],[cost per piece]]*Table2[[#This Row],[Total Rej. qty]] -> 262.812 | U80: =IFERROR(VLOOKUP(Table2[[#This Row],[Non Conformance]],'[2]New defect code '!$B$2:$C$129,2,0),0) -> 3243 | V80: 51 | W80: =IFERROR(VLOOKUP(Table2[[#This Row],[Code4]],'[2]New Reason code'!$A$2:$D$77,2,0),0) -> Size veriation on m/c | X80: =IFERROR(VLOOKUP(Table2[[#This Row],[Reason]],'[2]New Reason code'!$B$2:$D$77,2,0),0) -> Due to machine | Y80: =IFERROR(VLOOKUP(Table2[[#This Row],[Rejection Identified at]],'[2]New Reason code'!$C$2:$D$77,2,0),0) -> process
A81: 77 | B81: 24 | C81: =IFERROR(VLOOKUP(Table2[[#This Row],[Code]],'[2]New Machine sheet'!$A$1:$D$101,2,0),0) -> ACE-04 | D81: =IFERROR(VLOOKUP(Table2[[#This Row],[M/c No]],'[2]New Machine sheet'!$B$1:$D$101,2,0),0) -> Micromatic | E81: =IFERROR(VLOOKUP(Table2[[#This Row],[M/c Name]],'[2]New Machine sheet'!$C$1:$D$101,2,0),0) -> Turning | F81: 125 | G81: =IFERROR(VLOOKUP(Table2[[#This Row],[Code2]],'[2]New Machine sheet'!$F$2:$I$64,2,),0) -> 24125 | H81: =IFERROR(VLOOKUP(Table2[[#This Row],[Code2]],'[2]New Machine sheet'!$F$2:$I$64,3,0),0) -> RE J1 | I81: Vikas | J81: 5 | K81: =IFERROR(VLOOKUP(Table2[[#This Row],[Code3]],'[2]New defect code '!$A$2:$D$129,2,0),0) -> Bore Over size | L81: 02.09.26 | M81: 46266 | O81: 1 | R81: =SUBTOTAL(9,Table2[[#This Row],[1st]:[FQC]]) -> 1 | S81: =IFERROR(VLOOKUP(Table2[[#This Row],[Part No.]],'[2]New Machine sheet'!$G$2:$I$90,3,0),0) -> 65.17 | T81: =Table2[[#This Row],[cost per piece]]*Table2[[#This Row],[Total Rej. qty]] -> 65.17 | U81: =IFERROR(VLOOKUP(Table2[[#This Row],[Non Conformance]],'[2]New defect code '!$B$2:$C$129,2,0),0) -> 3243 | V81: 18 | W81: =IFERROR(VLOOKUP(Table2[[#This Row],[Code4]],'[2]New Reason code'!$A$2:$D$77,2,0),0) -> During insert change | X81: =IFERROR(VLOOKUP(Table2[[#This Row],[Reason]],'[2]New Reason code'!$B$2:$D$77,2,0),0) -> Due to Settup | Y81: =IFERROR(VLOOKUP(Table2[[#This Row],[Rejection Identified at]],'[2]New Reason code'!$C$2:$D$77,2,0),0) -> skill
A82: 78 | B82: 6 | C82: =IFERROR(VLOOKUP(Table2[[#This Row],[Code]],'[2]New Machine sheet'!$A$1:$D$101,2,0),0) -> 282-06 | D82: =IFERROR(VLOOKUP(Table2[[#This Row],[M/c No]],'[2]New Machine sheet'!$B$1:$D$101,2,0),0) -> Mazak | E82: =IFERROR(VLOOKUP(Table2[[#This Row],[M/c Name]],'[2]New Machine sheet'!$C$1:$D$101,2,0),0) -> Turning | F82: 178 | G82: =IFERROR(VLOOKUP(Table2[[#This Row],[Code2]],'[2]New Machine sheet'!$F$2:$I$64,2,),0) -> 24178 | H82: =IFERROR(VLOOKUP(Table2[[#This Row],[Code2]],'[2]New Machine sheet'!$F$2:$I$64,3,0),0) -> RE J1 | I82: Shubham | J82: 5 | K82: =IFERROR(VLOOKUP(Table2[[#This Row],[Code3]],'[2]New defect code '!$A$2:$D$129,2,0),0) -> Bore Over size | L82: 02.09.26 | M82: 46266 | O82: 15 | R82: =SUBTOTAL(9,Table2[[#This Row],[1st]:[FQC]]) -> 15 | S82: =IFERROR(VLOOKUP(Table2[[#This Row],[Part No.]],'[2]New Machine sheet'!$G$2:$I$90,3,0),0) -> 70.62 | T82: =Table2[[#This Row],[cost per piece]]*Table2[[#This Row],[Total Rej. qty]] -> 1059.3 | U82: =IFERROR(VLOOKUP(Table2[[#This Row],[Non Conformance]],'[2]New defect code '!$B$2:$C$129,2,0),0) -> 3243 | V82: 19 | W82: =IFERROR(VLOOKUP(Table2[[#This Row],[Code4]],'[2]New Reason code'!$A$2:$D$77,2,0),0) -> During Rework time | X82: =IFERROR(VLOOKUP(Table2[[#This Row],[Reason]],'[2]New Reason code'!$B$2:$D$77,2,0),0) -> Due to operator | Y82: =IFERROR(VLOOKUP(Table2[[#This Row],[Rejection Identified at]],'[2]New Reason code'!$C$2:$D$77,2,0),0) -> infrastructure
A83: 79 | B83: 15 | C83: =IFERROR(VLOOKUP(Table2[[#This Row],[Code]],'[2]New Machine sheet'!$A$1:$D$101,2,0),0) -> 282-15 | D83: =IFERROR(VLOOKUP(Table2[[#This Row],[M/c No]],'[2]New Machine sheet'!$B$1:$D$101,2,0),0) -> Mazak | E83: =IFERROR(VLOOKUP(Table2[[#This Row],[M/c Name]],'[2]New Machine sheet'!$C$1:$D$101,2,0),0) -> Turning | F83: 127 | G83: =IFERROR(VLOOKUP(Table2[[#This Row],[Code2]],'[2]New Machine sheet'!$F$2:$I$64,2,),0) -> 24127 | H83: =IFERROR(VLOOKUP(Table2[[#This Row],[Code2]],'[2]New Machine sheet'!$F$2:$I$64,3,0),0) -> RE J1 | J83: 66 | K83: =IFERROR(VLOOKUP(Table2[[#This Row],[Code3]],'[2]New defect code '!$A$2:$D$129,2,0),0) -> OD Under Size | L83: 02.09.26 | M83: 46266 | O83: 3 | R83: =SUBTOTAL(9,Table2[[#This Row],[1st]:[FQC]]) -> 3 | S83: =IFERROR(VLOOKUP(Table2[[#This Row],[Part No.]],'[2]New Machine sheet'!$G$2:$I$90,3,0),0) -> 262.812 | T83: =Table2[[#This Row],[cost per piece]]*Table2[[#This Row],[Total Rej. qty]] -> 788.436 | U83: =IFERROR(VLOOKUP(Table2[[#This Row],[Non Conformance]],'[2]New defect code '!$B$2:$C$129,2,0),0) -> 3242 | V83: 2 | W83: =IFERROR(VLOOKUP(Table2[[#This Row],[Code4]],'[2]New Reason code'!$A$2:$D$77,2,0),0) -> APG unit disturb | X83: =IFERROR(VLOOKUP(Table2[[#This Row],[Reason]],'[2]New Reason code'!$B$2:$D$77,2,0),0) -> Line audit | Y83: =IFERROR(VLOOKUP(Table2[[#This Row],[Rejection Identified at]],'[2]New Reason code'!$C$2:$D$77,2,0),0) -> Process Issue
A84: 80 | B84: 6 | C84: =IFERROR(VLOOKUP(Table2[[#This Row],[Code]],'[2]New Machine sheet'!$A$1:$D$101,2,0),0) -> 282-06 | D84: =IFERROR(VLOOKUP(Table2[[#This Row],[M/c No]],'[2]New Machine sheet'!$B$1:$D$101,2,0),0) -> Mazak | E84: =IFERROR(VLOOKUP(Table2[[#This Row],[M/c Name]],'[2]New Machine sheet'!$C$1:$D$101,2,0),0) -> Turning | F84: 178 | G84: =IFERROR(VLOOKUP(Table2[[#This Row],[Code2]],'[2]New Machine sheet'!$F$2:$I$64,2,),0) -> 24178 | H84: =IFERROR(VLOOKUP(Table2[[#This Row],[Code2]],'[2]New Machine sheet'!$F$2:$I$64,3,0),0) -> RE J1 | J84: 5 | K84: =IFERROR(VLOOKUP(Table2[[#This Row],[Code3]],'[2]New defect code '!$A$2:$D$129,2,0),0) -> Bore Over size | L84: 02.09.26 | M84: 46266 | O84: 5 | R84: =SUBTOTAL(9,Table2[[#This Row],[1st]:[FQC]]) -> 5 | S84: =IFERROR(VLOOKUP(Table2[[#This Row],[Part No.]],'[2]New Machine sheet'!$G$2:$I$90,3,0),0) -> 70.62 | T84: =Table2[[#This Row],[cost per piece]]*Table2[[#This Row],[Total Rej. qty]] -> 353.1 | U84: =IFERROR(VLOOKUP(Table2[[#This Row],[Non Conformance]],'[2]New defect code '!$B$2:$C$129,2,0),0) -> 3243 | V84: 70 | W84: =IFERROR(VLOOKUP(Table2[[#This Row],[Code4]],'[2]New Reason code'!$A$2:$D$77,2,0),0) -> Insert Wear Out | X84: =IFERROR(VLOOKUP(Table2[[#This Row],[Reason]],'[2]New Reason code'!$B$2:$D$77,2,0),0) -> Line audit | Y84: =IFERROR(VLOOKUP(Table2[[#This Row],[Rejection Identified at]],'[2]New Reason code'!$C$2:$D$77,2,0),0) -> Process Issue
A85: 81 | B85: 24 | C85: =IFERROR(VLOOKUP(Table2[[#This Row],[Code]],'[2]New Machine sheet'!$A$1:$D$101,2,0),0) -> ACE-04 | D85: =IFERROR(VLOOKUP(Table2[[#This Row],[M/c No]],'[2]New Machine sheet'!$B$1:$D$101,2,0),0) -> Micromatic | E85: =IFERROR(VLOOKUP(Table2[[#This Row],[M/c Name]],'[2]New Machine sheet'!$C$1:$D$101,2,0),0) -> Turning | F85: 125 | G85: =IFERROR(VLOOKUP(Table2[[#This Row],[Code2]],'[2]New Machine sheet'!$F$2:$I$64,2,),0) -> 24125 | H85: =IFERROR(VLOOKUP(Table2[[#This Row],[Code2]],'[2]New Machine sheet'!$F$2:$I$64,3,0),0) -> RE J1 | I85: Chetan | J85: 93 | K85: =IFERROR(VLOOKUP(Table2[[#This Row],[Code3]],'[2]New defect code '!$A$2:$D$129,2,0),0) -> Thickness Under size | L85: 02.09.26 | M85: 46266 | P85: 2 | R85: =SUBTOTAL(9,Table2[[#This Row],[1st]:[FQC]]) -> 2 | S85: =IFERROR(VLOOKUP(Table2[[#This Row],[Part No.]],'[2]New Machine sheet'!$G$2:$I$90,3,0),0) -> 65.17 | T85: =Table2[[#This Row],[cost per piece]]*Table2[[#This Row],[Total Rej. qty]] -> 130.34 | U85: =IFERROR(VLOOKUP(Table2[[#This Row],[Non Conformance]],'[2]New defect code '!$B$2:$C$129,2,0),0) -> 3258 | W85: Insert loose | X85: =IFERROR(VLOOKUP(Table2[[#This Row],[Reason]],'[2]New Reason code'!$B$2:$D$77,2,0),0) -> 0 | Y85: =IFERROR(VLOOKUP(Table2[[#This Row],[Rejection Identified at]],'[2]New Reason code'!$C$2:$D$77,2,0),0) -> 0
A86: 82 | B86: 46 | C86: =IFERROR(VLOOKUP(Table2[[#This Row],[Code]],'[2]New Machine sheet'!$A$1:$D$101,2,0),0) -> MURATEC-02 | D86: =IFERROR(VLOOKUP(Table2[[#This Row],[M/c No]],'[2]New Machine sheet'!$B$1:$D$101,2,0),0) -> MURATEC | E86: =IFERROR(VLOOKUP(Table2[[#This Row],[M/c Name]],'[2]New Machine sheet'!$C$1:$D$101,2,0),0) -> turning | F86: 127 | G86: =IFERROR(VLOOKUP(Table2[[#This Row],[Code2]],'[2]New Machine sheet'!$F$2:$I$64,2,),0) -> 24127 | H86: =IFERROR(VLOOKUP(Table2[[#This Row],[Code2]],'[2]New Machine sheet'!$F$2:$I$64,3,0),0) -> RE J1 | I86: Vikas | J86: 5 | K86: =IFERROR(VLOOKUP(Table2[[#This Row],[Code3]],'[2]New defect code '!$A$2:$D$129,2,0),0) -> Bore Over size | L86: 02.09.26 | M86: 46266 | P86: 1 | R86: =SUBTOTAL(9,Table2[[#This Row],[1st]:[FQC]]) -> 1 | S86: =IFERROR(VLOOKUP(Table2[[#This Row],[Part No.]],'[2]New Machine sheet'!$G$2:$I$90,3,0),0) -> 262.812 | T86: =Table2[[#This Row],[cost per piece]]*Table2[[#This Row],[Total Rej. qty]] -> 262.812 | U86: =IFERROR(VLOOKUP(Table2[[#This Row],[Non Conformance]],'[2]New defect code '!$B$2:$C$129,2,0),0) -> 3243 | V86: 12 | W86: =IFERROR(VLOOKUP(Table2[[#This Row],[Code4]],'[2]New Reason code'!$A$2:$D$77,2,0),0) -> Double loading | X86: =IFERROR(VLOOKUP(Table2[[#This Row],[Reason]],'[2]New Reason code'!$B$2:$D$77,2,0),0) -> Due to operator | Y86: =IFERROR(VLOOKUP(Table2[[#This Row],[Rejection Identified at]],'[2]New Reason code'!$C$2:$D$77,2,0),0) -> infrastructure
A87: 83 | B87: 22 | C87: =IFERROR(VLOOKUP(Table2[[#This Row],[Code]],'[2]New Machine sheet'!$A$1:$D$101,2,0),0) -> ACE-02 | D87: =IFERROR(VLOOKUP(Table2[[#This Row],[M/c No]],'[2]New Machine sheet'!$B$1:$D$101,2,0),0) -> Micromatic | E87: =IFERROR(VLOOKUP(Table2[[#This Row],[M/c Name]],'[2]New Machine sheet'!$C$1:$D$101,2,0),0) -> Turning | F87: 115 | G87: =IFERROR(VLOOKUP(Table2[[#This Row],[Code2]],'[2]New Machine sheet'!$F$2:$I$64,2,),0) -> 24115 | H87: =IFERROR(VLOOKUP(Table2[[#This Row],[Code2]],'[2]New Machine sheet'!$F$2:$I$64,3,0),0) -> RE J1 | I87: Rajesh | J87: 5 | K87: =IFERROR(VLOOKUP(Table2[[#This Row],[Code3]],'[2]New defect code '!$A$2:$D$129,2,0),0) -> Bore Over size | L87: 02.09.26 | M87: 46266 | P87: 19 | R87: =SUBTOTAL(9,Table2[[#This Row],[1st]:[FQC]]) -> 19 | S87: =IFERROR(VLOOKUP(Table2[[#This Row],[Part No.]],'[2]New Machine sheet'!$G$2:$I$90,3,0),0) -> 66.9 | T87: =Table2[[#This Row],[cost per piece]]*Table2[[#This Row],[Total Rej. qty]] -> 1271.1 | U87: =IFERROR(VLOOKUP(Table2[[#This Row],[Non Conformance]],'[2]New defect code '!$B$2:$C$129,2,0),0) -> 3243 | V87: 19 | W87: =IFERROR(VLOOKUP(Table2[[#This Row],[Code4]],'[2]New Reason code'!$A$2:$D$77,2,0),0) -> During Rework time | X87: =IFERROR(VLOOKUP(Table2[[#This Row],[Reason]],'[2]New Reason code'!$B$2:$D$77,2,0),0) -> Due to operator | Y87: =IFERROR(VLOOKUP(Table2[[#This Row],[Rejection Identified at]],'[2]New Reason code'!$C$2:$D$77,2,0),0) -> infrastructure
A88: 84 | B88: 21 | C88: =IFERROR(VLOOKUP(Table2[[#This Row],[Code]],'[2]New Machine sheet'!$A$1:$D$101,2,0),0) -> ACE-01 | D88: =IFERROR(VLOOKUP(Table2[[#This Row],[M/c No]],'[2]New Machine sheet'!$B$1:$D$101,2,0),0) -> Micromatic | E88: =IFERROR(VLOOKUP(Table2[[#This Row],[M/c Name]],'[2]New Machine sheet'!$C$1:$D$101,2,0),0) -> Turning | F88: 121 | G88: =IFERROR(VLOOKUP(Table2[[#This Row],[Code2]],'[2]New Machine sheet'!$F$2:$I$64,2,),0) -> 24121 | H88: =IFERROR(VLOOKUP(Table2[[#This Row],[Code2]],'[2]New Machine sheet'!$F$2:$I$64,3,0),0) -> RE J1 | I88: Nilesh | J88: 5 | K88: =IFERROR(VLOOKUP(Table2[[#This Row],[Code3]],'[2]New defect code '!$A$2:$D$129,2,0),0) -> Bore Over size | L88: 02.09.26 | M88: 46266 | P88: 2 | R88: =SUBTOTAL(9,Table2[[#This Row],[1st]:[FQC]]) -> 2 | S88: =IFERROR(VLOOKUP(Table2[[#This Row],[Part No.]],'[2]New Machine sheet'!$G$2:$I$90,3,0),0) -> 135.67 | T88: =Table2[[#This Row],[cost per piece]]*Table2[[#This Row],[Total Rej. qty]] -> 271.34 | U88: =IFERROR(VLOOKUP(Table2[[#This Row],[Non Conformance]],'[2]New defect code '!$B$2:$C$129,2,0),0) -> 3243 | V88: 12 | W88: =IFERROR(VLOOKUP(Table2[[#This Row],[Code4]],'[2]New Reason code'!$A$2:$D$77,2,0),0) -> Double loading | X88: =IFERROR(VLOOKUP(Table2[[#This Row],[Reason]],'[2]New Reason code'!$B$2:$D$77,2,0),0) -> Due to operator | Y88: =IFERROR(VLOOKUP(Table2[[#This Row],[Rejection Identified at]],'[2]New Reason code'!$C$2:$D$77,2,0),0) -> infrastructure
A89: 85 | C89: ACE-23 | D89: Micromatic | E89: =IFERROR(VLOOKUP(Table2[[#This Row],[M/c Name]],'[2]New Machine sheet'!$C$1:$D$101,2,0),0) -> Turning | F89: 82 | G89: =IFERROR(VLOOKUP(Table2[[#This Row],[Code2]],'[2]New Machine sheet'!$F$2:$I$64,2,),0) -> 2482 | H89: =IFERROR(VLOOKUP(Table2[[#This Row],[Code2]],'[2]New Machine sheet'!$F$2:$I$64,3,0),0) -> RE P1 | I89: Ravendra | J89: 93 | K89: =IFERROR(VLOOKUP(Table2[[#This Row],[Code3]],'[2]New defect code '!$A$2:$D$129,2,0),0) -> Thickness Under size | L89: 02.09.26 | M89: 46266 | P89: 1 | R89: =SUBTOTAL(9,Table2[[#This Row],[1st]:[FQC]]) -> 1 | S89: =IFERROR(VLOOKUP(Table2[[#This Row],[Part No.]],'[2]New Machine sheet'!$G$2:$I$90,3,0),0) -> 303.45333 | T89: =Table2[[#This Row],[cost per piece]]*Table2[[#This Row],[Total Rej. qty]] -> 303.45333 | U89: =IFERROR(VLOOKUP(Table2[[#This Row],[Non Conformance]],'[2]New defect code '!$B$2:$C$129,2,0),0) -> 3258 | V89: 64 | W89: =IFERROR(VLOOKUP(Table2[[#This Row],[Code4]],'[2]New Reason code'!$A$2:$D$77,2,0),0) -> Wrong correction | X89: =IFERROR(VLOOKUP(Table2[[#This Row],[Reason]],'[2]New Reason code'!$B$2:$D$77,2,0),0) -> Due to operator | Y89: =IFERROR(VLOOKUP(Table2[[#This Row],[Rejection Identified at]],'[2]New Reason code'!$C$2:$D$77,2,0),0) -> infrastructure
A90: 86 | B90: 15 | C90: =IFERROR(VLOOKUP(Table2[[#This Row],[Code]],'[2]New Machine sheet'!$A$1:$D$101,2,0),0) -> 282-15 | D90: =IFERROR(VLOOKUP(Table2[[#This Row],[M/c No]],'[2]New Machine sheet'!$B$1:$D$101,2,0),0) -> Mazak | E90: =IFERROR(VLOOKUP(Table2[[#This Row],[M/c Name]],'[2]New Machine sheet'!$C$1:$D$101,2,0),0) -> Turning | F90: 127 | G90: =IFERROR(VLOOKUP(Table2[[#This Row],[Code2]],'[2]New Machine sheet'!$F$2:$I$64,2,),0) -> 24127 | H90: =IFERROR(VLOOKUP(Table2[[#This Row],[Code2]],'[2]New Machine sheet'!$F$2:$I$64,3,0),0) -> RE J1 | J90: 66 | K90: =IFERROR(VLOOKUP(Table2[[#This Row],[Code3]],'[2]New defect code '!$A$2:$D$129,2,0),0) -> OD Under Size | L90: 02.09.26 | M90: 46266 | P90: 9 | R90: =SUBTOTAL(9,Table2[[#This Row],[1st]:[FQC]]) -> 9 | S90: =IFERROR(VLOOKUP(Table2[[#This Row],[Part No.]],'[2]New Machine sheet'!$G$2:$I$90,3,0),0) -> 262.812 | T90: =Table2[[#This Row],[cost per piece]]*Table2[[#This Row],[Total Rej. qty]] -> 2365.308 | U90: =IFERROR(VLOOKUP(Table2[[#This Row],[Non Conformance]],'[2]New defect code '!$B$2:$C$129,2,0),0) -> 3242 | V90: 42 | W90: =IFERROR(VLOOKUP(Table2[[#This Row],[Code4]],'[2]New Reason code'!$A$2:$D$77,2,0),0) -> part not checked by operator | X90: =IFERROR(VLOOKUP(Table2[[#This Row],[Reason]],'[2]New Reason code'!$B$2:$D$77,2,0),0) -> Line audit | Y90: =IFERROR(VLOOKUP(Table2[[#This Row],[Rejection Identified at]],'[2]New Reason code'!$C$2:$D$77,2,0),0) -> Process Issue
A91: 87 | B91: 18 | C91: =IFERROR(VLOOKUP(Table2[[#This Row],[Code]],'[2]New Machine sheet'!$A$1:$D$101,2,0),0) -> 282-18 | D91: =IFERROR(VLOOKUP(Table2[[#This Row],[M/c No]],'[2]New Machine sheet'!$B$1:$D$101,2,0),0) -> Mazak | E91: =IFERROR(VLOOKUP(Table2[[#This Row],[M/c Name]],'[2]New Machine sheet'!$C$1:$D$101,2,0),0) -> Turning | F91: 178 | G91: =IFERROR(VLOOKUP(Table2[[#This Row],[Code2]],'[2]New Machine sheet'!$F$2:$I$64,2,),0) -> 24178 | H91: =IFERROR(VLOOKUP(Table2[[#This Row],[Code2]],'[2]New Machine sheet'!$F$2:$I$64,3,0),0) -> RE J1 | J91: 5 | K91: =IFERROR(VLOOKUP(Table2[[#This Row],[Code3]],'[2]New defect code '!$A$2:$D$129,2,0),0) -> Bore Over size | L91: 02.09.26 | M91: 46266 | P91: 5 | R91: =SUBTOTAL(9,Table2[[#This Row],[1st]:[FQC]]) -> 5 | S91: =IFERROR(VLOOKUP(Table2[[#This Row],[Part No.]],'[2]New Machine sheet'!$G$2:$I$90,3,0),0) -> 70.62 | T91: =Table2[[#This Row],[cost per piece]]*Table2[[#This Row],[Total Rej. qty]] -> 353.1 | U91: =IFERROR(VLOOKUP(Table2[[#This Row],[Non Conformance]],'[2]New defect code '!$B$2:$C$129,2,0),0) -> 3243 | V91: 70 | W91: =IFERROR(VLOOKUP(Table2[[#This Row],[Code4]],'[2]New Reason code'!$A$2:$D$77,2,0),0) -> Insert Wear Out | X91: =IFERROR(VLOOKUP(Table2[[#This Row],[Reason]],'[2]New Reason code'!$B$2:$D$77,2,0),0) -> Line audit | Y91: =IFERROR(VLOOKUP(Table2[[#This Row],[Rejection Identified at]],'[2]New Reason code'!$C$2:$D$77,2,0),0) -> Process Issue
A92: 88 | B92: 13 | C92: =IFERROR(VLOOKUP(Table2[[#This Row],[Code]],'[2]New Machine sheet'!$A$1:$D$101,2,0),0) -> 282-13 | D92: =IFERROR(VLOOKUP(Table2[[#This Row],[M/c No]],'[2]New Machine sheet'!$B$1:$D$101,2,0),0) -> Mazak | E92: =IFERROR(VLOOKUP(Table2[[#This Row],[M/c Name]],'[2]New Machine sheet'!$C$1:$D$101,2,0),0) -> Turning | F92: 32 | G92: =IFERROR(VLOOKUP(Table2[[#This Row],[Code2]],'[2]New Machine sheet'!$F$2:$I$64,2,),0) -> 2432 | H92: =IFERROR(VLOOKUP(Table2[[#This Row],[Code2]],'[2]New Machine sheet'!$F$2:$I$64,3,0),0) -> RE P1 | I92: Vasna | J92: 5 | K92: =IFERROR(VLOOKUP(Table2[[#This Row],[Code3]],'[2]New defect code '!$A$2:$D$129,2,0),0) -> Bore Over size | L92: 03.09.26 | M92: 46266 | N92: 7 | R92: =SUBTOTAL(9,Table2[[#This Row],[1st]:[FQC]]) -> 7 | S92: =IFERROR(VLOOKUP(Table2[[#This Row],[Part No.]],'[2]New Machine sheet'!$G$2:$I$90,3,0),0) -> 168.54 | T92: =Table2[[#This Row],[cost per piece]]*Table2[[#This Row],[Total Rej. qty]] -> 1179.78 | U92: =IFERROR(VLOOKUP(Table2[[#This Row],[Non Conformance]],'[2]New defect code '!$B$2:$C$129,2,0),0) -> 3243 | V92: 64 | W92: =IFERROR(VLOOKUP(Table2[[#This Row],[Code4]],'[2]New Reason code'!$A$2:$D$77,2,0),0) -> Wrong correction | X92: =IFERROR(VLOOKUP(Table2[[#This Row],[Reason]],'[2]New Reason code'!$B$2:$D$77,2,0),0) -> Due to operator | Y92: =IFERROR(VLOOKUP(Table2[[#This Row],[Rejection Identified at]],'[2]New Reason code'!$C$2:$D$77,2,0),0) -> infrastructure
A93: 89 | B93: 14 | C93: =IFERROR(VLOOKUP(Table2[[#This Row],[Code]],'[2]New Machine sheet'!$A$1:$D$101,2,0),0) -> 282-14 | D93: =IFERROR(VLOOKUP(Table2[[#This Row],[M/c No]],'[2]New Machine sheet'!$B$1:$D$101,2,0),0) -> Mazak | E93: =IFERROR(VLOOKUP(Table2[[#This Row],[M/c Name]],'[2]New Machine sheet'!$C$1:$D$101,2,0),0) -> Turning | F93: 155 | G93: =IFERROR(VLOOKUP(Table2[[#This Row],[Code2]],'[2]New Machine sheet'!$F$2:$I$64,2,),0) -> 24155 | H93: =IFERROR(VLOOKUP(Table2[[#This Row],[Code2]],'[2]New Machine sheet'!$F$2:$I$64,3,0),0) -> RE J1 | I93: Ritu | J93: 93 | K93: =IFERROR(VLOOKUP(Table2[[#This Row],[Code3]],'[2]New defect code '!$A$2:$D$129,2,0),0) -> Thickness Under size | L93: 03.09.26 | M93: 46266 | N93: 1 | R93: =SUBTOTAL(9,Table2[[#This Row],[1st]:[FQC]]) -> 1 | S93: =IFERROR(VLOOKUP(Table2[[#This Row],[Part No.]],'[2]New Machine sheet'!$G$2:$I$90,3,0),0) -> 107.67 | T93: =Table2[[#This Row],[cost per piece]]*Table2[[#This Row],[Total Rej. qty]] -> 107.67 | U93: =IFERROR(VLOOKUP(Table2[[#This Row],[Non Conformance]],'[2]New defect code '!$B$2:$C$129,2,0),0) -> 3258 | V93: 66 | W93: =IFERROR(VLOOKUP(Table2[[#This Row],[Code4]],'[2]New Reason code'!$A$2:$D$77,2,0),0) -> Wrong Loading | X93: =IFERROR(VLOOKUP(Table2[[#This Row],[Reason]],'[2]New Reason code'!$B$2:$D$77,2,0),0) -> Due to operator | Y93: =IFERROR(VLOOKUP(Table2[[#This Row],[Rejection Identified at]],'[2]New Reason code'!$C$2:$D$77,2,0),0) -> infrastructure
A94: 90 | B94: 21 | C94: =IFERROR(VLOOKUP(Table2[[#This Row],[Code]],'[2]New Machine sheet'!$A$1:$D$101,2,0),0) -> ACE-01 | D94: =IFERROR(VLOOKUP(Table2[[#This Row],[M/c No]],'[2]New Machine sheet'!$B$1:$D$101,2,0),0) -> Micromatic | E94: =IFERROR(VLOOKUP(Table2[[#This Row],[M/c Name]],'[2]New Machine sheet'!$C$1:$D$101,2,0),0) -> Turning | F94: 121 | G94: =IFERROR(VLOOKUP(Table2[[#This Row],[Code2]],'[2]New Machine sheet'!$F$2:$I$64,2,),0) -> 24121 | H94: =IFERROR(VLOOKUP(Table2[[#This Row],[Code2]],'[2]New Machine sheet'!$F$2:$I$64,3,0),0) -> RE J1 | I94: Deepak | J94: 5 | K94: =IFERROR(VLOOKUP(Table2[[#This Row],[Code3]],'[2]New defect code '!$A$2:$D$129,2,0),0) -> Bore Over size | L94: 03.09.26 | M94: 46266 | N94: 6 | R94: =SUBTOTAL(9,Table2[[#This Row],[1st]:[FQC]]) -> 6 | S94: =IFERROR(VLOOKUP(Table2[[#This Row],[Part No.]],'[2]New Machine sheet'!$G$2:$I$90,3,0),0) -> 135.67 | T94: =Table2[[#This Row],[cost per piece]]*Table2[[#This Row],[Total Rej. qty]] -> 814.02 | U94: =IFERROR(VLOOKUP(Table2[[#This Row],[Non Conformance]],'[2]New defect code '!$B$2:$C$129,2,0),0) -> 3243 | V94: 12 | W94: =IFERROR(VLOOKUP(Table2[[#This Row],[Code4]],'[2]New Reason code'!$A$2:$D$77,2,0),0) -> Double loading | X94: =IFERROR(VLOOKUP(Table2[[#This Row],[Reason]],'[2]New Reason code'!$B$2:$D$77,2,0),0) -> Due to operator | Y94: =IFERROR(VLOOKUP(Table2[[#This Row],[Rejection Identified at]],'[2]New Reason code'!$C$2:$D$77,2,0),0) -> infrastructure
A95: 91 | B95: 22 | C95: =IFERROR(VLOOKUP(Table2[[#This Row],[Code]],'[2]New Machine sheet'!$A$1:$D$101,2,0),0) -> ACE-02 | D95: =IFERROR(VLOOKUP(Table2[[#This Row],[M/c No]],'[2]New Machine sheet'!$B$1:$D$101,2,0),0) -> Micromatic | E95: =IFERROR(VLOOKUP(Table2[[#This Row],[M/c Name]],'[2]New Machine sheet'!$C$1:$D$101,2,0),0) -> Turning | F95: 115 | G95: =IFERROR(VLOOKUP(Table2[[#This Row],[Code2]],'[2]New Machine sheet'!$F$2:$I$64,2,),0) -> 24115 | H95: =IFERROR(VLOOKUP(Table2[[#This Row],[Code2]],'[2]New Machine sheet'!$F$2:$I$64,3,0),0) -> RE J1 | I95: Navin | J95: 93 | K95: =IFERROR(VLOOKUP(Table2[[#This Row],[Code3]],'[2]New defect code '!$A$2:$D$129,2,0),0) -> Thickness Under size | L95: 03.09.26 | M95: 46266 | N95: 20 | R95: =SUBTOTAL(9,Table2[[#This Row],[1st]:[FQC]]) -> 20 | S95: =IFERROR(VLOOKUP(Table2[[#This Row],[Part No.]],'[2]New Machine sheet'!$G$2:$I$90,3,0),0) -> 66.9 | T95: =Table2[[#This Row],[cost per piece]]*Table2[[#This Row],[Total Rej. qty]] -> 1338 | U95: =IFERROR(VLOOKUP(Table2[[#This Row],[Non Conformance]],'[2]New defect code '!$B$2:$C$129,2,0),0) -> 3258 | V95: 19 | W95: =IFERROR(VLOOKUP(Table2[[#This Row],[Code4]],'[2]New Reason code'!$A$2:$D$77,2,0),0) -> During Rework time | X95: =IFERROR(VLOOKUP(Table2[[#This Row],[Reason]],'[2]New Reason code'!$B$2:$D$77,2,0),0) -> Due to operator | Y95: =IFERROR(VLOOKUP(Table2[[#This Row],[Rejection Identified at]],'[2]New Reason code'!$C$2:$D$77,2,0),0) -> infrastructure
A96: 92 | B96: 22 | C96: =IFERROR(VLOOKUP(Table2[[#This Row],[Code]],'[2]New Machine sheet'!$A$1:$D$101,2,0),0) -> ACE-02 | D96: =IFERROR(VLOOKUP(Table2[[#This Row],[M/c No]],'[2]New Machine sheet'!$B$1:$D$101,2,0),0) -> Micromatic | E96: =IFERROR(VLOOKUP(Table2[[#This Row],[M/c Name]],'[2]New Machine sheet'!$C$1:$D$101,2,0),0) -> Turning | F96: 115 | G96: =IFERROR(VLOOKUP(Table2[[#This Row],[Code2]],'[2]New Machine sheet'!$F$2:$I$64,2,),0) -> 24115 | H96: =IFERROR(VLOOKUP(Table2[[#This Row],[Code2]],'[2]New Machine sheet'!$F$2:$I$64,3,0),0) -> RE J1 | I96: Navin | J96: 5 | K96: =IFERROR(VLOOKUP(Table2[[#This Row],[Code3]],'[2]New defect code '!$A$2:$D$129,2,0),0) -> Bore Over size | L96: 03.09.26 | M96: 46266 | N96: 16 | R96: =SUBTOTAL(9,Table2[[#This Row],[1st]:[FQC]]) -> 16 | S96: =IFERROR(VLOOKUP(Table2[[#This Row],[Part No.]],'[2]New Machine sheet'!$G$2:$I$90,3,0),0) -> 66.9 | T96: =Table2[[#This Row],[cost per piece]]*Table2[[#This Row],[Total Rej. qty]] -> 1070.4 | U96: =IFERROR(VLOOKUP(Table2[[#This Row],[Non Conformance]],'[2]New defect code '!$B$2:$C$129,2,0),0) -> 3243 | V96: 19 | W96: =IFERROR(VLOOKUP(Table2[[#This Row],[Code4]],'[2]New Reason code'!$A$2:$D$77,2,0),0) -> During Rework time | X96: =IFERROR(VLOOKUP(Table2[[#This Row],[Reason]],'[2]New Reason code'!$B$2:$D$77,2,0),0) -> Due to operator | Y96: =IFERROR(VLOOKUP(Table2[[#This Row],[Rejection Identified at]],'[2]New Reason code'!$C$2:$D$77,2,0),0) -> infrastructure
A97: 93 | B97: 41 | C97: =IFERROR(VLOOKUP(Table2[[#This Row],[Code]],'[2]New Machine sheet'!$A$1:$D$101,2,0),0) -> 252-03 | D97: =IFERROR(VLOOKUP(Table2[[#This Row],[M/c No]],'[2]New Machine sheet'!$B$1:$D$101,2,0),0) -> VMC | E97: =IFERROR(VLOOKUP(Table2[[#This Row],[M/c Name]],'[2]New Machine sheet'!$C$1:$D$101,2,0),0) -> VMC | F97: 155 | G97: =IFERROR(VLOOKUP(Table2[[#This Row],[Code2]],'[2]New Machine sheet'!$F$2:$I$64,2,),0) -> 24155 | H97: =IFERROR(VLOOKUP(Table2[[#This Row],[Code2]],'[2]New Machine sheet'!$F$2:$I$64,3,0),0) -> RE J1 | I97: Durgesh | J97: 32 | K97: =IFERROR(VLOOKUP(Table2[[#This Row],[Code3]],'[2]New defect code '!$A$2:$D$129,2,0),0) -> Double Dot Punching | L97: 03.09.26 | M97: 46266 | N97: 5 | R97: =SUBTOTAL(9,Table2[[#This Row],[1st]:[FQC]]) -> 5 | S97: =IFERROR(VLOOKUP(Table2[[#This Row],[Part No.]],'[2]New Machine sheet'!$G$2:$I$90,3,0),0) -> 107.67 | T97: =Table2[[#This Row],[cost per piece]]*Table2[[#This Row],[Total Rej. qty]] -> 538.35 | U97: =IFERROR(VLOOKUP(Table2[[#This Row],[Non Conformance]],'[2]New defect code '!$B$2:$C$129,2,0),0) -> 0 | V97: 66 | W97: =IFERROR(VLOOKUP(Table2[[#This Row],[Code4]],'[2]New Reason code'!$A$2:$D$77,2,0),0) -> Wrong Loading | X97: =IFERROR(VLOOKUP(Table2[[#This Row],[Reason]],'[2]New Reason code'!$B$2:$D$77,2,0),0) -> Due to operator | Y97: =IFERROR(VLOOKUP(Table2[[#This Row],[Rejection Identified at]],'[2]New Reason code'!$C$2:$D$77,2,0),0) -> infrastructure
A98: 94 | B98: 46 | C98: =IFERROR(VLOOKUP(Table2[[#This Row],[Code]],'[2]New Machine sheet'!$A$1:$D$101,2,0),0) -> MURATEC-02 | D98: =IFERROR(VLOOKUP(Table2[[#This Row],[M/c No]],'[2]New Machine sheet'!$B$1:$D$101,2,0),0) -> MURATEC | E98: =IFERROR(VLOOKUP(Table2[[#This Row],[M/c Name]],'[2]New Machine sheet'!$C$1:$D$101,2,0),0) -> turning | F98: 127 | G98: =IFERROR(VLOOKUP(Table2[[#This Row],[Code2]],'[2]New Machine sheet'!$F$2:$I$64,2,),0) -> 24127 | H98: =IFERROR(VLOOKUP(Table2[[#This Row],[Code2]],'[2]New Machine sheet'!$F$2:$I$64,3,0),0) -> RE J1 | I98: Amar | J98: 5 | K98: =IFERROR(VLOOKUP(Table2[[#This Row],[Code3]],'[2]New defect code '!$A$2:$D$129,2,0),0) -> Bore Over size | L98: 03.09.26 | M98: 46266 | N98: 1 | R98: =SUBTOTAL(9,Table2[[#This Row],[1st]:[FQC]]) -> 1 | S98: =IFERROR(VLOOKUP(Table2[[#This Row],[Part No.]],'[2]New Machine sheet'!$G$2:$I$90,3,0),0) -> 262.812 | T98: =Table2[[#This Row],[cost per piece]]*Table2[[#This Row],[Total Rej. qty]] -> 262.812 | U98: =IFERROR(VLOOKUP(Table2[[#This Row],[Non Conformance]],'[2]New defect code '!$B$2:$C$129,2,0),0) -> 3243 | V98: 18 | W98: =IFERROR(VLOOKUP(Table2[[#This Row],[Code4]],'[2]New Reason code'!$A$2:$D$77,2,0),0) -> During insert change | X98: =IFERROR(VLOOKUP(Table2[[#This Row],[Reason]],'[2]New Reason code'!$B$2:$D$77,2,0),0) -> Due to Settup | Y98: =IFERROR(VLOOKUP(Table2[[#This Row],[Rejection Identified at]],'[2]New Reason code'!$C$2:$D$77,2,0),0) -> skill
A99: 95 | B99: 2 | C99: =IFERROR(VLOOKUP(Table2[[#This Row],[Code]],'[2]New Machine sheet'!$A$1:$D$101,2,0),0) -> 282-02 | D99: =IFERROR(VLOOKUP(Table2[[#This Row],[M/c No]],'[2]New Machine sheet'!$B$1:$D$101,2,0),0) -> Mazak | E99: =IFERROR(VLOOKUP(Table2[[#This Row],[M/c Name]],'[2]New Machine sheet'!$C$1:$D$101,2,0),0) -> Turning | F99: 121 | G99: =IFERROR(VLOOKUP(Table2[[#This Row],[Code2]],'[2]New Machine sheet'!$F$2:$I$64,2,),0) -> 24121 | H99: =IFERROR(VLOOKUP(Table2[[#This Row],[Code2]],'[2]New Machine sheet'!$F$2:$I$64,3,0),0) -> RE J1 | I99: Anjali | J99: 93 | K99: =IFERROR(VLOOKUP(Table2[[#This Row],[Code3]],'[2]New defect code '!$A$2:$D$129,2,0),0) -> Thickness Under size | L99: 03.09.26 | M99: 46266 | N99: 1 | R99: =SUBTOTAL(9,Table2[[#This Row],[1st]:[FQC]]) -> 1 | S99: =IFERROR(VLOOKUP(Table2[[#This Row],[Part No.]],'[2]New Machine sheet'!$G$2:$I$90,3,0),0) -> 135.67 | T99: =Table2[[#This Row],[cost per piece]]*Table2[[#This Row],[Total Rej. qty]] -> 135.67 | U99: =IFERROR(VLOOKUP(Table2[[#This Row],[Non Conformance]],'[2]New defect code '!$B$2:$C$129,2,0),0) -> 3258 | V99: 30 | W99: =IFERROR(VLOOKUP(Table2[[#This Row],[Code4]],'[2]New Reason code'!$A$2:$D$77,2,0),0) -> M/C Accident | X99: =IFERROR(VLOOKUP(Table2[[#This Row],[Reason]],'[2]New Reason code'!$B$2:$D$77,2,0),0) -> Due to machine | Y99: =IFERROR(VLOOKUP(Table2[[#This Row],[Rejection Identified at]],'[2]New Reason code'!$C$2:$D$77,2,0),0) -> process
A100: 96 | B100: 3 | C100: =IFERROR(VLOOKUP(Table2[[#This Row],[Code]],'[2]New Machine sheet'!$A$1:$D$101,2,0),0) -> 282-03 | D100: =IFERROR(VLOOKUP(Table2[[#This Row],[M/c No]],'[2]New Machine sheet'!$B$1:$D$101,2,0),0) -> Mazak | E100: =IFERROR(VLOOKUP(Table2[[#This Row],[M/c Name]],'[2]New Machine sheet'!$C$1:$D$101,2,0),0) -> Turning | F100: 121 | G100: =IFERROR(VLOOKUP(Table2[[#This Row],[Code2]],'[2]New Machine sheet'!$F$2:$I$64,2,),0) -> 24121 | H100: =IFERROR(VLOOKUP(Table2[[#This Row],[Code2]],'[2]New Machine sheet'!$F$2:$I$64,3,0),0) -> RE J1 | I100: Varsha | J100: 93 | K100: =IFERROR(VLOOKUP(Table2[[#This Row],[Code3]],'[2]New defect code '!$A$2:$D$129,2,0),0) -> Thickness Under size | L100: 03.09.26 | M100: 46266 | N100: 1 | R100: =SUBTOTAL(9,Table2[[#This Row],[1st]:[FQC]]) -> 1 | S100: =IFERROR(VLOOKUP(Table2[[#This Row],[Part No.]],'[2]New Machine sheet'!$G$2:$I$90,3,0),0) -> 135.67 | T100: =Table2[[#This Row],[cost per piece]]*Table2[[#This Row],[Total Rej. qty]] -> 135.67 | U100: =IFERROR(VLOOKUP(Table2[[#This Row],[Non Conformance]],'[2]New defect code '!$B$2:$C$129,2,0),0) -> 3258 | V100: 21 | W100: =IFERROR(VLOOKUP(Table2[[#This Row],[Code4]],'[2]New Reason code'!$A$2:$D$77,2,0),0) -> During setup time | X100: =IFERROR(VLOOKUP(Table2[[#This Row],[Reason]],'[2]New Reason code'!$B$2:$D$77,2,0),0) -> Due to Settup | Y100: =IFERROR(VLOOKUP(Table2[[#This Row],[Rejection Identified at]],'[2]New Reason code'!$C$2:$D$77,2,0),0) -> skill
...

Sheet Sheet1
A3: Sum of Total Rej. qty | B3: Column Labels
A4: Row Labels | B4: (blank) | C4: 01.11.25 | D4: 02.11.25 | E4: 03.11.25 | F4: 04.11.25 | G4: 05.11.25 | H4: 06.11.25 | I4: 07.11.25 | J4: 08.11.25 | K4: 09.11.25 | L4: 10.11.25 | M4: 11.11.25 | N4: 12.11.25 | O4: 13.11.25 | P4: 14.11.25 | Q4: 15.11.25 | R4: 16.11.25 | S4: 17.11.25 | T4: 18.11.25 | U4: 19.11.25 | V4: 20.11.25 | W4: 21.11.25 | X4: 22.11.25 | Y4: 23.11.25 | Z4: 24.11.25 | AA4: 25.11.25 | AB4: Grand Total
A5: 0 | B5: 0 | AB5: 0
A6: 2428 | C6: 5 | G6: 1 | J6: 32 | K6: 1 | M6: 1 | S6: 1 | T6: 2 | W6: 2 | AB6: 45
A7: 2452 | C7: 6 | E7: 3 | I7: 11 | J7: 7 | M7: 8 | N7: 4 | O7: 4 | P7: 5 | Q7: 7 | R7: 3 | S7: 9 | T7: 3 | U7: 12 | V7: 1 | W7: 1 | Z7: 2 | AB7: 86
A8: 2477 | M8: 1 | N8: 3 | O8: 11 | W8: 1 | X8: 1 | AB8: 17
A9: 2478 | E9: 2 | G9: 4 | K9: 5 | L9: 6 | M9: 1 | N9: 15 | O9: 13 | S9: 1 | U9: 3 | V9: 1 | W9: 1 | Z9: 2 | AA9: 5 | AB9: 59
A10: 24102 | D10: 10 | E10: 20 | F10: 6 | G10: 2 | H10: 3 | I10: 32 | J10: 4 | L10: 1 | N10: 1 | P10: 2 | S10: 1 | T10: 3 | U10: 1 | V10: 8 | W10: 1 | X10: 2 | Y10: 1 | Z10: 1 | AA10: 2 | AB10: 101
A11: 24122 | C11: 5 | E11: 1 | G11: 7 | H11: 1 | I11: 12 | J11: 1 | K11: 16 | L11: 2 | M11: 2 | N11: 2 | O11: 3 | P11: 2 | Q11: 4 | R11: 2 | S11: 2 | U11: 7 | V11: 1 | W11: 20 | Y11: 9 | Z11: 21 | AA11: 1 | AB11: 121
A12: 24152 | C12: 1 | D12: 11 | F12: 12 | G12: 7 | H12: 15 | J12: 3 | K12: 25 | L12: 5 | AB12: 79
A13: 24154 | C13: 59 | D13: 1 | E13: 1 | F13: 2 | G13: 3 | H13: 8 | I13: 1 | K13: 5 | L13: 13 | M13: 44 | N13: 4 | O13: 2 | P13: 6 | Q13: 4 | R13: 3 | S13: 24 | T13: 85 | U13: 21 | V13: 21 | W13: 27 | X13: 15 | Y13: 8 | Z13: 17 | AA13: 112 | AB13: 486
A14: 24155 | C14: 3 | E14: 1 | F14: 6 | J14: 21 | K14: 24 | L14: 3 | M14: 16 | N14: 8 | P14: 2 | Q14: 1 | R14: 1 | S14: 1 | U14: 2 | V14: 2 | W14: 18 | X14: 19 | Y14: 1 | Z14: 20 | AA14: 1 | AB14: 150
A15: 24185 | C15: 1 | J15: 1 | K15: 16 | L15: 2 | M15: 2 | O15: 1 | Q15: 2 | Y15: 9 | Z15: 21 | AB15: 55
A16: 2434 | C16: 3 | D16: 1 | H16: 1 | AB16: 5
A17: 2472 | D17: 1 | E17: 17 | F17: 4 | H17: 2 | I17: 3 | J17: 1 | K17: 6 | L17: 7 | M17: 7 | U17: 1 | V17: 1 | W17: 21 | X17: 12 | Z17: 10 | AA17: 4 | AB17: 97
A18: Grand Total | B18: 0 | C18: 83 | D18: 24 | E18: 45 | F18: 30 | G18: 24 | H18: 30 | I18: 59 | J18: 70 | K18: 98 | L18: 39 | M18: 82 | N18: 37 | O18: 34 | P18: 17 | Q18: 18 | R18: 9 | S18: 39 | T18: 93 | U18: 47 | V18: 35 | W18: 92 | X18: 49 | Y18: 28 | Z18: 94 | AA18: 125 | AB18: 1301

Sheet Truning Daily Rew-Sep-26
M1: 46266 | N1: A | O1: B | P1: C | Q1: FQC | R1: Total Rej. qty | T1: COST OF POOR QUALITY
M2: Grand Total:- | N2: =SUBTOTAL(9,Table25[1st]) -> 410 | O2: =SUBTOTAL(9,Table25[2nd]) -> 168 | P2: =SUBTOTAL(9,Table25[3rd]) -> 126 | Q2: =SUBTOTAL(9,Table25[FQC]) -> 0 | R2: =N2+O2+P2+Q2 -> 704 | T2: =SUBTOTAL(9,Table25[[Total cost ]]) -> 101966.71
N3: Rework Qty
A4: Sr No. | B4: Code | C4: M/c No | D4: M/c Name | E4: Oprn. | F4: Code2 | G4: Part No. | H4: Customer | I4: operator | J4: Code3 | K4: Non Conformance | L4: Date | M4: Month | N4: 1st | O4: 2nd | P4: 3rd | Q4: FQC | R4: Total Rej. qty | S4: cost per piece | T4: Total cost | U4: SAP CODE | V4: Code4 | W4: Reason | X4: Rejection Identified at | Y4: Rejection Reason
A5: 1 | C5: ACE-22 | D5: Micromatic | E5: =IFERROR(VLOOKUP(Table25[[#This Row],[M/c Name]],'[2]New Machine sheet'!$C$1:$D$101,2,0),0) -> Turning | F5: 127 | G5: =IFERROR(VLOOKUP(Table25[[#This Row],[Code2]],'[2]New Machine sheet'!$F$2:$I$64,2,),0) -> 24127 | H5: =IFERROR(VLOOKUP(Table25[[#This Row],[Code2]],'[2]New Machine sheet'!$F$2:$I$64,3,0),0) -> RE J1 | I5: Khushboo | J5: 10 | K5: =IFERROR(VLOOKUP(Table25[[#This Row],[Code3]],'[2]New defect code '!$A$2:$D$129,2,0),0) -> Bore u/s | L5: 01.09.26 | M5: 46266 | N5: 2 | R5: =SUBTOTAL(9,Table25[[#This Row],[1st]:[FQC]]) -> 2 | S5: =IFERROR(VLOOKUP(Table25[[#This Row],[Part No.]],'[2]New Machine sheet'!$G$2:$I$90,3,0),0) -> 262.812 | T5: =Table25[[#This Row],[cost per piece]]*Table25[[#This Row],[Total Rej. qty]] -> 525.624 | U5: =IFERROR(VLOOKUP(Table25[[#This Row],[Non Conformance]],'[2]New defect code '!$B$2:$C$129,2,0),0) -> 0 | V5: 47 | W5: =IFERROR(VLOOKUP(Table25[[#This Row],[Code4]],'[2]New Reason code'!$A$2:$D$77,2,0),0) -> Running m/c stop | X5: =#REF!+Table25[[#This Row],[Rejection Identified at]] -> 0 | Y5: =IFERROR(VLOOKUP(Table25[[#This Row],[Reason]],Coding!A2:C59,3,0),0) -> 0
A6: 2 | C6: ACE-22 | D6: Micromatic | E6: =IFERROR(VLOOKUP(Table25[[#This Row],[M/c Name]],'[2]New Machine sheet'!$C$1:$D$101,2,0),0) -> Turning | F6: 127 | G6: =IFERROR(VLOOKUP(Table25[[#This Row],[Code2]],'[2]New Machine sheet'!$F$2:$I$64,2,),0) -> 24127 | H6: =IFERROR(VLOOKUP(Table25[[#This Row],[Code2]],'[2]New Machine sheet'!$F$2:$I$64,3,0),0) -> RE J1 | I6: Khushboo | J6: 45 | K6: =IFERROR(VLOOKUP(Table25[[#This Row],[Code3]],'[2]New defect code '!$A$2:$D$129,2,0),0) -> Face step part | L6: 01.09.26 | M6: 46266 | N6: 1 | R6: =SUBTOTAL(9,Table25[[#This Row],[1st]:[FQC]]) -> 1 | S6: =IFERROR(VLOOKUP(Table25[[#This Row],[Part No.]],'[2]New Machine sheet'!$G$2:$I$90,3,0),0) -> 262.812 | T6: =Table25[[#This Row],[cost per piece]]*Table25[[#This Row],[Total Rej. qty]] -> 262.812 | U6: =IFERROR(VLOOKUP(Table25[[#This Row],[Non Conformance]],'[2]New defect code '!$B$2:$C$129,2,0),0) -> 0 | V6: 47 | W6: =IFERROR(VLOOKUP(Table25[[#This Row],[Code4]],'[2]New Reason code'!$A$2:$D$77,2,0),0) -> Running m/c stop | X6: =#REF!+Table25[[#This Row],[Rejection Identified at]] -> 0 | Y6: =IFERROR(VLOOKUP(Table25[[#This Row],[Reason]],Coding!A3:C60,3,0),0) -> 0
A7: 3 | B7: 23 | C7: =IFERROR(VLOOKUP(Table25[[#This Row],[Code]],'[2]New Machine sheet'!$A$1:$D$101,2,0),0) -> ACE-03 | D7: =IFERROR(VLOOKUP(Table25[[#This Row],[M/c No]],'[2]New Machine sheet'!$B$1:$D$101,2,0),0) -> Micromatic | E7: =IFERROR(VLOOKUP(Table25[[#This Row],[M/c Name]],'[2]New Machine sheet'!$C$1:$D$101,2,0),0) -> Turning | F7: 178 | G7: =IFERROR(VLOOKUP(Table25[[#This Row],[Code2]],'[2]New Machine sheet'!$F$2:$I$64,2,),0) -> 24178 | H7: =IFERROR(VLOOKUP(Table25[[#This Row],[Code2]],'[2]New Machine sheet'!$F$2:$I$64,3,0),0) -> RE J1 | I7: Devraj | J7: 71 | K7: =IFERROR(VLOOKUP(Table25[[#This Row],[Code3]],'[2]New defect code '!$A$2:$D$129,2,0),0) -> PG go not qualify | L7: 01.09.26 | M7: 46266 | N7: 11 | R7: =SUBTOTAL(9,Table25[[#This Row],[1st]:[FQC]]) -> 11 | S7: =IFERROR(VLOOKUP(Table25[[#This Row],[Part No.]],'[2]New Machine sheet'!$G$2:$I$90,3,0),0) -> 70.62 | T7: =Table25[[#This Row],[cost per piece]]*Table25[[#This Row],[Total Rej. qty]] -> 776.82 | U7: =IFERROR(VLOOKUP(Table25[[#This Row],[Non Conformance]],'[2]New defect code '!$B$2:$C$129,2,0),0) -> 0 | V7: 42 | W7: =IFERROR(VLOOKUP(Table25[[#This Row],[Code4]],'[2]New Reason code'!$A$2:$D$77,2,0),0) -> part not checked by operator | X7: =#REF!+Table25[[#This Row],[Rejection Identified at]] -> 0 | Y7: =IFERROR(VLOOKUP(Table25[[#This Row],[Reason]],Coding!A4:C61,3,0),0) -> Process Issue
A8: 4 | B8: 17 | C8: =IFERROR(VLOOKUP(Table25[[#This Row],[Code]],'[2]New Machine sheet'!$A$1:$D$101,2,0),0) -> 282-17 | D8: =IFERROR(VLOOKUP(Table25[[#This Row],[M/c No]],'[2]New Machine sheet'!$B$1:$D$101,2,0),0) -> Mazak | E8: =IFERROR(VLOOKUP(Table25[[#This Row],[M/c Name]],'[2]New Machine sheet'!$C$1:$D$101,2,0),0) -> Turning | F8: 113 | G8: =IFERROR(VLOOKUP(Table25[[#This Row],[Code2]],'[2]New Machine sheet'!$F$2:$I$64,2,),0) -> 24113 | H8: =IFERROR(VLOOKUP(Table25[[#This Row],[Code2]],'[2]New Machine sheet'!$F$2:$I$64,3,0),0) -> RE J1 | J8: 70 | K8: =IFERROR(VLOOKUP(Table25[[#This Row],[Code3]],'[2]New defect code '!$A$2:$D$129,2,0),0) -> PCD R/O More | L8: 01.09.26 | M8: 46266 | N8: 60 | R8: =SUBTOTAL(9,Table25[[#This Row],[1st]:[FQC]]) -> 60 | S8: =IFERROR(VLOOKUP(Table25[[#This Row],[Part No.]],'[2]New Machine sheet'!$G$2:$I$90,3,0),0) -> 90 | T8: =Table25[[#This Row],[cost per piece]]*Table25[[#This Row],[Total Rej. qty]] -> 5400 | U8: =IFERROR(VLOOKUP(Table25[[#This Row],[Non Conformance]],'[2]New defect code '!$B$2:$C$129,2,0),0) -> 3203 | V8: 45 | W8: =IFERROR(VLOOKUP(Table25[[#This Row],[Code4]],'[2]New Reason code'!$A$2:$D$77,2,0),0) -> Running m/c | X8: =#REF!+Table25[[#This Row],[Rejection Identified at]] -> 0 | Y8: =IFERROR(VLOOKUP(Table25[[#This Row],[Reason]],Coding!A5:C62,3,0),0) -> Process Issue
A9: 5 | B9: 22 | C9: =IFERROR(VLOOKUP(Table25[[#This Row],[Code]],'[2]New Machine sheet'!$A$1:$D$101,2,0),0) -> ACE-02 | D9: =IFERROR(VLOOKUP(Table25[[#This Row],[M/c No]],'[2]New Machine sheet'!$B$1:$D$101,2,0),0) -> Micromatic | E9: =IFERROR(VLOOKUP(Table25[[#This Row],[M/c Name]],'[2]New Machine sheet'!$C$1:$D$101,2,0),0) -> Turning | F9: 115 | G9: =IFERROR(VLOOKUP(Table25[[#This Row],[Code2]],'[2]New Machine sheet'!$F$2:$I$64,2,),0) -> 24115 | H9: =IFERROR(VLOOKUP(Table25[[#This Row],[Code2]],'[2]New Machine sheet'!$F$2:$I$64,3,0),0) -> RE J1 | I9: Deepak | J9: 41 | K9: =IFERROR(VLOOKUP(Table25[[#This Row],[Code3]],'[2]New defect code '!$A$2:$D$129,2,0),0) -> Face Less metal | L9: 01.09.26 | M9: 46266 | N9: 22 | R9: =SUBTOTAL(9,Table25[[#This Row],[1st]:[FQC]]) -> 22 | S9: =IFERROR(VLOOKUP(Table25[[#This Row],[Part No.]],'[2]New Machine sheet'!$G$2:$I$90,3,0),0) -> 66.9 | T9: =Table25[[#This Row],[cost per piece]]*Table25[[#This Row],[Total Rej. qty]] -> 1471.8 | U9: =IFERROR(VLOOKUP(Table25[[#This Row],[Non Conformance]],'[2]New defect code '!$B$2:$C$129,2,0),0) -> 3259 | V9: 17 | W9: =IFERROR(VLOOKUP(Table25[[#This Row],[Code4]],'[2]New Reason code'!$A$2:$D$77,2,0),0) -> during insert broken | X9: =#REF!+Table25[[#This Row],[Rejection Identified at]] -> 0 | Y9: =IFERROR(VLOOKUP(Table25[[#This Row],[Reason]],Coding!A6:C63,3,0),0) -> Process Issue
A10: 6 | B10: 22 | C10: =IFERROR(VLOOKUP(Table25[[#This Row],[Code]],'[2]New Machine sheet'!$A$1:$D$101,2,0),0) -> ACE-02 | D10: =IFERROR(VLOOKUP(Table25[[#This Row],[M/c No]],'[2]New Machine sheet'!$B$1:$D$101,2,0),0) -> Micromatic | E10: =IFERROR(VLOOKUP(Table25[[#This Row],[M/c Name]],'[2]New Machine sheet'!$C$1:$D$101,2,0),0) -> Turning | F10: 119 | G10: =IFERROR(VLOOKUP(Table25[[#This Row],[Code2]],'[2]New Machine sheet'!$F$2:$I$64,2,),0) -> 24119 | H10: =IFERROR(VLOOKUP(Table25[[#This Row],[Code2]],'[2]New Machine sheet'!$F$2:$I$64,3,0),0) -> RE J1 | I10: Deepak | J10: 10 | K10: =IFERROR(VLOOKUP(Table25[[#This Row],[Code3]],'[2]New defect code '!$A$2:$D$129,2,0),0) -> Bore u/s | L10: 01.09.26 | M10: 46266 | N10: 3 | R10: =SUBTOTAL(9,Table25[[#This Row],[1st]:[FQC]]) -> 3 | S10: =IFERROR(VLOOKUP(Table25[[#This Row],[Part No.]],'[2]New Machine sheet'!$G$2:$I$90,3,0),0) -> 103.2 | T10: =Table25[[#This Row],[cost per piece]]*Table25[[#This Row],[Total Rej. qty]] -> 309.6 | U10: =IFERROR(VLOOKUP(Table25[[#This Row],[Non Conformance]],'[2]New defect code '!$B$2:$C$129,2,0),0) -> 0 | V10: 42 | W10: =IFERROR(VLOOKUP(Table25[[#This Row],[Code4]],'[2]New Reason code'!$A$2:$D$77,2,0),0) -> part not checked by operator | X10: =#REF!+Table25[[#This Row],[Rejection Identified at]] -> 0 | Y10: =IFERROR(VLOOKUP(Table25[[#This Row],[Reason]],Coding!A7:C64,3,0),0) -> Process Issue
A11: 7 | B11: 21 | C11: =IFERROR(VLOOKUP(Table25[[#This Row],[Code]],'[2]New Machine sheet'!$A$1:$D$101,2,0),0) -> ACE-01 | D11: =IFERROR(VLOOKUP(Table25[[#This Row],[M/c No]],'[2]New Machine sheet'!$B$1:$D$101,2,0),0) -> Micromatic | E11: =IFERROR(VLOOKUP(Table25[[#This Row],[M/c Name]],'[2]New Machine sheet'!$C$1:$D$101,2,0),0) -> Turning | F11: 121 | G11: =IFERROR(VLOOKUP(Table25[[#This Row],[Code2]],'[2]New Machine sheet'!$F$2:$I$64,2,),0) -> 24121 | H11: =IFERROR(VLOOKUP(Table25[[#This Row],[Code2]],'[2]New Machine sheet'!$F$2:$I$64,3,0),0) -> RE J1 | I11: Harshit | J11: 10 | K11: =IFERROR(VLOOKUP(Table25[[#This Row],[Code3]],'[2]New defect code '!$A$2:$D$129,2,0),0) -> Bore u/s | L11: 01.09.26 | M11: 46266 | N11: 2 | R11: =SUBTOTAL(9,Table25[[#This Row],[1st]:[FQC]]) -> 2 | S11: =IFERROR(VLOOKUP(Table25[[#This Row],[Part No.]],'[2]New Machine sheet'!$G$2:$I$90,3,0),0) -> 135.67 | T11: =Table25[[#This Row],[cost per piece]]*Table25[[#This Row],[Total Rej. qty]] -> 271.34 | U11: =IFERROR(VLOOKUP(Table25[[#This Row],[Non Conformance]],'[2]New defect code '!$B$2:$C$129,2,0),0) -> 0 | V11: 64 | W11: =IFERROR(VLOOKUP(Table25[[#This Row],[Code4]],'[2]New Reason code'!$A$2:$D$77,2,0),0) -> Wrong correction | X11: =#REF!+Table25[[#This Row],[Rejection Identified at]] -> 0 | Y11: =IFERROR(VLOOKUP(Table25[[#This Row],[Reason]],Coding!A8:C65,3,0),0) -> Process Issue
A12: 8 | B12: 11 | C12: =IFERROR(VLOOKUP(Table25[[#This Row],[Code]],'[2]New Machine sheet'!$A$1:$D$101,2,0),0) -> 282-11 | D12: =IFERROR(VLOOKUP(Table25[[#This Row],[M/c No]],'[2]New Machine sheet'!$B$1:$D$101,2,0),0) -> Mazak | E12: =IFERROR(VLOOKUP(Table25[[#This Row],[M/c Name]],'[2]New Machine sheet'!$C$1:$D$101,2,0),0) -> Turning | F12: 121 | G12: =IFERROR(VLOOKUP(Table25[[#This Row],[Code2]],'[2]New Machine sheet'!$F$2:$I$64,2,),0) -> 24121 | H12: =IFERROR(VLOOKUP(Table25[[#This Row],[Code2]],'[2]New Machine sheet'!$F$2:$I$64,3,0),0) -> RE J1 | I12: Durgesh | J12: 49 | K12: =IFERROR(VLOOKUP(Table25[[#This Row],[Code3]],'[2]New defect code '!$A$2:$D$129,2,0),0) -> Thickness over size | L12: 01.09.26 | M12: 46266 | N12: 1 | R12: =SUBTOTAL(9,Table25[[#This Row],[1st]:[FQC]]) -> 1 | S12: =IFERROR(VLOOKUP(Table25[[#This Row],[Part No.]],'[2]New Machine sheet'!$G$2:$I$90,3,0),0) -> 135.67 | T12: =Table25[[#This Row],[cost per piece]]*Table25[[#This Row],[Total Rej. qty]] -> 135.67 | U12: =IFERROR(VLOOKUP(Table25[[#This Row],[Non Conformance]],'[2]New defect code '!$B$2:$C$129,2,0),0) -> 0 | V12: 64 | W12: =IFERROR(VLOOKUP(Table25[[#This Row],[Code4]],'[2]New Reason code'!$A$2:$D$77,2,0),0) -> Wrong correction | X12: =#REF!+Table25[[#This Row],[Rejection Identified at]] -> 0 | Y12: =IFERROR(VLOOKUP(Table25[[#This Row],[Reason]],Coding!A9:C66,3,0),0) -> Process Issue
A13: 9 | B13: 5 | C13: =IFERROR(VLOOKUP(Table25[[#This Row],[Code]],'[2]New Machine sheet'!$A$1:$D$101,2,0),0) -> 282-05 | D13: =IFERROR(VLOOKUP(Table25[[#This Row],[M/c No]],'[2]New Machine sheet'!$B$1:$D$101,2,0),0) -> Mazak | E13: =IFERROR(VLOOKUP(Table25[[#This Row],[M/c Name]],'[2]New Machine sheet'!$C$1:$D$101,2,0),0) -> Turning | F13: 119 | G13: =IFERROR(VLOOKUP(Table25[[#This Row],[Code2]],'[2]New Machine sheet'!$F$2:$I$64,2,),0) -> 24119 | H13: =IFERROR(VLOOKUP(Table25[[#This Row],[Code2]],'[2]New Machine sheet'!$F$2:$I$64,3,0),0) -> RE J1 | I13: Varsha | J13: 10 | K13: =IFERROR(VLOOKUP(Table25[[#This Row],[Code3]],'[2]New defect code '!$A$2:$D$129,2,0),0) -> Bore u/s | L13: 01.09.26 | M13: 46266 | N13: 1 | R13: =SUBTOTAL(9,Table25[[#This Row],[1st]:[FQC]]) -> 1 | S13: =IFERROR(VLOOKUP(Table25[[#This Row],[Part No.]],'[2]New Machine sheet'!$G$2:$I$90,3,0),0) -> 103.2 | T13: =Table25[[#This Row],[cost per piece]]*Table25[[#This Row],[Total Rej. qty]] -> 103.2 | U13: =IFERROR(VLOOKUP(Table25[[#This Row],[Non Conformance]],'[2]New defect code '!$B$2:$C$129,2,0),0) -> 0 | V13: 42 | W13: =IFERROR(VLOOKUP(Table25[[#This Row],[Code4]],'[2]New Reason code'!$A$2:$D$77,2,0),0) -> part not checked by operator | X13: =#REF!+Table25[[#This Row],[Rejection Identified at]] -> 0 | Y13: =IFERROR(VLOOKUP(Table25[[#This Row],[Reason]],Coding!A10:C67,3,0),0) -> Process Issue
A14: 10 | B14: 47 | C14: =IFERROR(VLOOKUP(Table25[[#This Row],[Code]],'[2]New Machine sheet'!$A$1:$D$101,2,0),0) -> MURATEC-03 | D14: =IFERROR(VLOOKUP(Table25[[#This Row],[M/c No]],'[2]New Machine sheet'!$B$1:$D$101,2,0),0) -> MURATEC | E14: =IFERROR(VLOOKUP(Table25[[#This Row],[M/c Name]],'[2]New Machine sheet'!$C$1:$D$101,2,0),0) -> turning | F14: 127 | G14: =IFERROR(VLOOKUP(Table25[[#This Row],[Code2]],'[2]New Machine sheet'!$F$2:$I$64,2,),0) -> 24127 | H14: =IFERROR(VLOOKUP(Table25[[#This Row],[Code2]],'[2]New Machine sheet'!$F$2:$I$64,3,0),0) -> RE J1 | I14: Vikas | J14: 61 | K14: =IFERROR(VLOOKUP(Table25[[#This Row],[Code3]],'[2]New defect code '!$A$2:$D$129,2,0),0) -> Od o/s | L14: 01.09.26 | M14: 46266 | N14: 1 | R14: =SUBTOTAL(9,Table25[[#This Row],[1st]:[FQC]]) -> 1 | S14: =IFERROR(VLOOKUP(Table25[[#This Row],[Part No.]],'[2]New Machine sheet'!$G$2:$I$90,3,0),0) -> 262.812 | T14: =Table25[[#This Row],[cost per piece]]*Table25[[#This Row],[Total Rej. qty]] -> 262.812 | U14: =IFERROR(VLOOKUP(Table25[[#This Row],[Non Conformance]],'[2]New defect code '!$B$2:$C$129,2,0),0) -> 0 | V14: 45 | W14: =IFERROR(VLOOKUP(Table25[[#This Row],[Code4]],'[2]New Reason code'!$A$2:$D$77,2,0),0) -> Running m/c | X14: =#REF!+Table25[[#This Row],[Rejection Identified at]] -> 0 | Y14: =IFERROR(VLOOKUP(Table25[[#This Row],[Reason]],Coding!A11:C68,3,0),0) -> Process Issue
A15: 11 | C15: ACE-23 | D15: Micromatic | E15: =IFERROR(VLOOKUP(Table25[[#This Row],[M/c Name]],'[2]New Machine sheet'!$C$1:$D$101,2,0),0) -> Turning | F15: 119 | G15: =IFERROR(VLOOKUP(Table25[[#This Row],[Code2]],'[2]New Machine sheet'!$F$2:$I$64,2,),0) -> 24119 | H15: =IFERROR(VLOOKUP(Table25[[#This Row],[Code2]],'[2]New Machine sheet'!$F$2:$I$64,3,0),0) -> RE J1 | I15: Aarti | J15: 41 | K15: =IFERROR(VLOOKUP(Table25[[#This Row],[Code3]],'[2]New defect code '!$A$2:$D$129,2,0),0) -> Face Less metal | L15: 01.09.26 | M15: 46266 | N15: 30 | R15: =SUBTOTAL(9,Table25[[#This Row],[1st]:[FQC]]) -> 30 | S15: =IFERROR(VLOOKUP(Table25[[#This Row],[Part No.]],'[2]New Machine sheet'!$G$2:$I$90,3,0),0) -> 103.2 | T15: =Table25[[#This Row],[cost per piece]]*Table25[[#This Row],[Total Rej. qty]] -> 3096 | U15: =IFERROR(VLOOKUP(Table25[[#This Row],[Non Conformance]],'[2]New defect code '!$B$2:$C$129,2,0),0) -> 3259 | V15: 17 | W15: =IFERROR(VLOOKUP(Table25[[#This Row],[Code4]],'[2]New Reason code'!$A$2:$D$77,2,0),0) -> during insert broken | X15: =#REF!+Table25[[#This Row],[Rejection Identified at]] -> 0 | Y15: =IFERROR(VLOOKUP(Table25[[#This Row],[Reason]],Coding!A12:C69,3,0),0) -> 0
A16: 12 | B16: 24 | C16: =IFERROR(VLOOKUP(Table25[[#This Row],[Code]],'[2]New Machine sheet'!$A$1:$D$101,2,0),0) -> ACE-04 | D16: =IFERROR(VLOOKUP(Table25[[#This Row],[M/c No]],'[2]New Machine sheet'!$B$1:$D$101,2,0),0) -> Micromatic | E16: =IFERROR(VLOOKUP(Table25[[#This Row],[M/c Name]],'[2]New Machine sheet'!$C$1:$D$101,2,0),0) -> Turning | F16: 125 | G16: =IFERROR(VLOOKUP(Table25[[#This Row],[Code2]],'[2]New Machine sheet'!$F$2:$I$64,2,),0) -> 24125 | H16: =IFERROR(VLOOKUP(Table25[[#This Row],[Code2]],'[2]New Machine sheet'!$F$2:$I$64,3,0),0) -> RE J1 | I16: Kuldeep | J16: 10 | K16: =IFERROR(VLOOKUP(Table25[[#This Row],[Code3]],'[2]New defect code '!$A$2:$D$129,2,0),0) -> Bore u/s | L16: 01.09.26 | M16: 46266 | O16: 3 | R16: =SUBTOTAL(9,Table25[[#This Row],[1st]:[FQC]]) -> 3 | S16: =IFERROR(VLOOKUP(Table25[[#This Row],[Part No.]],'[2]New Machine sheet'!$G$2:$I$90,3,0),0) -> 65.17 | T16: =Table25[[#This Row],[cost per piece]]*Table25[[#This Row],[Total Rej. qty]] -> 195.51 | U16: =IFERROR(VLOOKUP(Table25[[#This Row],[Non Conformance]],'[2]New defect code '!$B$2:$C$129,2,0),0) -> 0 | V16: 45 | W16: =IFERROR(VLOOKUP(Table25[[#This Row],[Code4]],'[2]New Reason code'!$A$2:$D$77,2,0),0) -> Running m/c | X16: =#REF!+Table25[[#This Row],[Rejection Identified at]] -> 0 | Y16: =IFERROR(VLOOKUP(Table25[[#This Row],[Reason]],Coding!A13:C70,3,0),0) -> Process Issue
A17: 13 | B17: 45 | C17: =IFERROR(VLOOKUP(Table25[[#This Row],[Code]],'[2]New Machine sheet'!$A$1:$D$101,2,0),0) -> MURATEC-01 | D17: =IFERROR(VLOOKUP(Table25[[#This Row],[M/c No]],'[2]New Machine sheet'!$B$1:$D$101,2,0),0) -> MURATEC | E17: =IFERROR(VLOOKUP(Table25[[#This Row],[M/c Name]],'[2]New Machine sheet'!$C$1:$D$101,2,0),0) -> turning | F17: 172 | G17: =IFERROR(VLOOKUP(Table25[[#This Row],[Code2]],'[2]New Machine sheet'!$F$2:$I$64,2,),0) -> 24172 | H17: =IFERROR(VLOOKUP(Table25[[#This Row],[Code2]],'[2]New Machine sheet'!$F$2:$I$64,3,0),0) -> RE J1 | I17: Mahendra | J17: 41 | K17: =IFERROR(VLOOKUP(Table25[[#This Row],[Code3]],'[2]New defect code '!$A$2:$D$129,2,0),0) -> Face Less metal | L17: 01.09.26 | M17: 46266 | O17: 7 | R17: =SUBTOTAL(9,Table25[[#This Row],[1st]:[FQC]]) -> 7 | S17: =IFERROR(VLOOKUP(Table25[[#This Row],[Part No.]],'[2]New Machine sheet'!$G$2:$I$90,3,0),0) -> 348.33 | T17: =Table25[[#This Row],[cost per piece]]*Table25[[#This Row],[Total Rej. qty]] -> 2438.31 | U17: =IFERROR(VLOOKUP(Table25[[#This Row],[Non Conformance]],'[2]New defect code '!$B$2:$C$129,2,0),0) -> 3259 | V17: 45 | W17: =IFERROR(VLOOKUP(Table25[[#This Row],[Code4]],'[2]New Reason code'!$A$2:$D$77,2,0),0) -> Running m/c | X17: =#REF!+Table25[[#This Row],[Rejection Identified at]] -> 0 | Y17: =IFERROR(VLOOKUP(Table25[[#This Row],[Reason]],Coding!A14:C71,3,0),0) -> Process Issue
A18: 14 | B18: 12 | C18: =IFERROR(VLOOKUP(Table25[[#This Row],[Code]],'[2]New Machine sheet'!$A$1:$D$101,2,0),0) -> 282-12 | D18: =IFERROR(VLOOKUP(Table25[[#This Row],[M/c No]],'[2]New Machine sheet'!$B$1:$D$101,2,0),0) -> Mazak | E18: =IFERROR(VLOOKUP(Table25[[#This Row],[M/c Name]],'[2]New Machine sheet'!$C$1:$D$101,2,0),0) -> Turning | F18: 115 | G18: =IFERROR(VLOOKUP(Table25[[#This Row],[Code2]],'[2]New Machine sheet'!$F$2:$I$64,2,),0) -> 24115 | H18: =IFERROR(VLOOKUP(Table25[[#This Row],[Code2]],'[2]New Machine sheet'!$F$2:$I$64,3,0),0) -> RE J1 | I18: Raghvendra | J18: 10 | K18: =IFERROR(VLOOKUP(Table25[[#This Row],[Code3]],'[2]New defect code '!$A$2:$D$129,2,0),0) -> Bore u/s | L18: 01.09.26 | M18: 46266 | O18: 2 | R18: =SUBTOTAL(9,Table25[[#This Row],[1st]:[FQC]]) -> 2 | S18: =IFERROR(VLOOKUP(Table25[[#This Row],[Part No.]],'[2]New Machine sheet'!$G$2:$I$90,3,0),0) -> 66.9 | T18: =Table25[[#This Row],[cost per piece]]*Table25[[#This Row],[Total Rej. qty]] -> 133.8 | U18: =IFERROR(VLOOKUP(Table25[[#This Row],[Non Conformance]],'[2]New defect code '!$B$2:$C$129,2,0),0) -> 0 | V18: 45 | W18: =IFERROR(VLOOKUP(Table25[[#This Row],[Code4]],'[2]New Reason code'!$A$2:$D$77,2,0),0) -> Running m/c | X18: =#REF!+Table25[[#This Row],[Rejection Identified at]] -> 0 | Y18: =IFERROR(VLOOKUP(Table25[[#This Row],[Reason]],Coding!A15:C72,3,0),0) -> Process Issue
A19: 15 | C19: ACE-22 | D19: Micromatic | E19: =IFERROR(VLOOKUP(Table25[[#This Row],[M/c Name]],'[2]New Machine sheet'!$C$1:$D$101,2,0),0) -> Turning | F19: 127 | G19: =IFERROR(VLOOKUP(Table25[[#This Row],[Code2]],'[2]New Machine sheet'!$F$2:$I$64,2,),0) -> 24127 | H19: =IFERROR(VLOOKUP(Table25[[#This Row],[Code2]],'[2]New Machine sheet'!$F$2:$I$64,3,0),0) -> RE J1 | I19: Rohit | J19: 10 | K19: =IFERROR(VLOOKUP(Table25[[#This Row],[Code3]],'[2]New defect code '!$A$2:$D$129,2,0),0) -> Bore u/s | L19: 01.09.26 | M19: 46266 | O19: 4 | R19: =SUBTOTAL(9,Table25[[#This Row],[1st]:[FQC]]) -> 4 | S19: =IFERROR(VLOOKUP(Table25[[#This Row],[Part No.]],'[2]New Machine sheet'!$G$2:$I$90,3,0),0) -> 262.812 | T19: =Table25[[#This Row],[cost per piece]]*Table25[[#This Row],[Total Rej. qty]] -> 1051.248 | U19: =IFERROR(VLOOKUP(Table25[[#This Row],[Non Conformance]],'[2]New defect code '!$B$2:$C$129,2,0),0) -> 0 | V19: 70 | W19: =IFERROR(VLOOKUP(Table25[[#This Row],[Code4]],'[2]New Reason code'!$A$2:$D$77,2,0),0) -> Insert Wear Out | X19: =#REF!+Table25[[#This Row],[Rejection Identified at]] -> 0 | Y19: =IFERROR(VLOOKUP(Table25[[#This Row],[Reason]],Coding!A16:C73,3,0),0) -> 0
A20: 16 | B20: 12 | C20: =IFERROR(VLOOKUP(Table25[[#This Row],[Code]],'[2]New Machine sheet'!$A$1:$D$101,2,0),0) -> 282-12 | D20: =IFERROR(VLOOKUP(Table25[[#This Row],[M/c No]],'[2]New Machine sheet'!$B$1:$D$101,2,0),0) -> Mazak | E20: =IFERROR(VLOOKUP(Table25[[#This Row],[M/c Name]],'[2]New Machine sheet'!$C$1:$D$101,2,0),0) -> Turning | F20: 115 | G20: =IFERROR(VLOOKUP(Table25[[#This Row],[Code2]],'[2]New Machine sheet'!$F$2:$I$64,2,),0) -> 24115 | H20: =IFERROR(VLOOKUP(Table25[[#This Row],[Code2]],'[2]New Machine sheet'!$F$2:$I$64,3,0),0) -> RE J1 | I20: Raghvendra | J20: 45 | K20: =IFERROR(VLOOKUP(Table25[[#This Row],[Code3]],'[2]New defect code '!$A$2:$D$129,2,0),0) -> Face step part | L20: 01.09.26 | M20: 46266 | P20: 8 | R20: =SUBTOTAL(9,Table25[[#This Row],[1st]:[FQC]]) -> 8 | S20: =IFERROR(VLOOKUP(Table25[[#This Row],[Part No.]],'[2]New Machine sheet'!$G$2:$I$90,3,0),0) -> 66.9 | T20: =Table25[[#This Row],[cost per piece]]*Table25[[#This Row],[Total Rej. qty]] -> 535.2 | U20: =IFERROR(VLOOKUP(Table25[[#This Row],[Non Conformance]],'[2]New defect code '!$B$2:$C$129,2,0),0) -> 0 | V20: 17 | W20: =IFERROR(VLOOKUP(Table25[[#This Row],[Code4]],'[2]New Reason code'!$A$2:$D$77,2,0),0) -> during insert broken | X20: =#REF!+Table25[[#This Row],[Rejection Identified at]] -> 0 | Y20: =IFERROR(VLOOKUP(Table25[[#This Row],[Reason]],Coding!A17:C74,3,0),0) -> 0
A21: 17 | B21: 43 | C21: =IFERROR(VLOOKUP(Table25[[#This Row],[Code]],'[2]New Machine sheet'!$A$1:$D$101,2,0),0) -> 252-05 | D21: =IFERROR(VLOOKUP(Table25[[#This Row],[M/c No]],'[2]New Machine sheet'!$B$1:$D$101,2,0),0) -> VMC | E21: =IFERROR(VLOOKUP(Table25[[#This Row],[M/c Name]],'[2]New Machine sheet'!$C$1:$D$101,2,0),0) -> VMC | F21: 155 | G21: =IFERROR(VLOOKUP(Table25[[#This Row],[Code2]],'[2]New Machine sheet'!$F$2:$I$64,2,),0) -> 24155 | H21: =IFERROR(VLOOKUP(Table25[[#This Row],[Code2]],'[2]New Machine sheet'!$F$2:$I$64,3,0),0) -> RE J1 | I21: Pawan | J21: 52 | K21: =IFERROR(VLOOKUP(Table25[[#This Row],[Code3]],'[2]New defect code '!$A$2:$D$129,2,0),0) -> Light dot punching | L21: 01.09.26 | M21: 46266 | P21: 1 | R21: =SUBTOTAL(9,Table25[[#This Row],[1st]:[FQC]]) -> 1 | S21: =IFERROR(VLOOKUP(Table25[[#This Row],[Part No.]],'[2]New Machine sheet'!$G$2:$I$90,3,0),0) -> 107.67 | T21: =Table25[[#This Row],[cost per piece]]*Table25[[#This Row],[Total Rej. qty]] -> 107.67 | U21: =IFERROR(VLOOKUP(Table25[[#This Row],[Non Conformance]],'[2]New defect code '!$B$2:$C$129,2,0),0) -> 0 | V21: 45 | W21: =IFERROR(VLOOKUP(Table25[[#This Row],[Code4]],'[2]New Reason code'!$A$2:$D$77,2,0),0) -> Running m/c | X21: =#REF!+Table25[[#This Row],[Rejection Identified at]] -> 0 | Y21: =IFERROR(VLOOKUP(Table25[[#This Row],[Reason]],Coding!A18:C75,3,0),0) -> Power Cut
A22: 18 | B22: 23 | C22: =IFERROR(VLOOKUP(Table25[[#This Row],[Code]],'[2]New Machine sheet'!$A$1:$D$101,2,0),0) -> ACE-03 | D22: =IFERROR(VLOOKUP(Table25[[#This Row],[M/c No]],'[2]New Machine sheet'!$B$1:$D$101,2,0),0) -> Micromatic | E22: =IFERROR(VLOOKUP(Table25[[#This Row],[M/c Name]],'[2]New Machine sheet'!$C$1:$D$101,2,0),0) -> Turning | F22: 121 | G22: =IFERROR(VLOOKUP(Table25[[#This Row],[Code2]],'[2]New Machine sheet'!$F$2:$I$64,2,),0) -> 24121 | H22: =IFERROR(VLOOKUP(Table25[[#This Row],[Code2]],'[2]New Machine sheet'!$F$2:$I$64,3,0),0) -> RE J1 | I22: Rahu | J22: 10 | K22: =IFERROR(VLOOKUP(Table25[[#This Row],[Code3]],'[2]New defect code '!$A$2:$D$129,2,0),0) -> Bore u/s | L22: 01.09.26 | M22: 46266 | P22: 2 | R22: =SUBTOTAL(9,Table25[[#This Row],[1st]:[FQC]]) -> 2 | S22: =IFERROR(VLOOKUP(Table25[[#This Row],[Part No.]],'[2]New Machine sheet'!$G$2:$I$90,3,0),0) -> 135.67 | T22: =Table25[[#This Row],[cost per piece]]*Table25[[#This Row],[Total Rej. qty]] -> 271.34 | U22: =IFERROR(VLOOKUP(Table25[[#This Row],[Non Conformance]],'[2]New defect code '!$B$2:$C$129,2,0),0) -> 0 | V22: 70 | W22: =IFERROR(VLOOKUP(Table25[[#This Row],[Code4]],'[2]New Reason code'!$A$2:$D$77,2,0),0) -> Insert Wear Out | X22: =#REF!+Table25[[#This Row],[Rejection Identified at]] -> 0 | Y22: =IFERROR(VLOOKUP(Table25[[#This Row],[Reason]],Coding!A19:C76,3,0),0) -> 0
A23: 19 | B23: 1 | C23: =IFERROR(VLOOKUP(Table25[[#This Row],[Code]],'[2]New Machine sheet'!$A$1:$D$101,2,0),0) -> 282-01 | D23: =IFERROR(VLOOKUP(Table25[[#This Row],[M/c No]],'[2]New Machine sheet'!$B$1:$D$101,2,0),0) -> Mazak | E23: =IFERROR(VLOOKUP(Table25[[#This Row],[M/c Name]],'[2]New Machine sheet'!$C$1:$D$101,2,0),0) -> Turning | F23: 115 | G23: =IFERROR(VLOOKUP(Table25[[#This Row],[Code2]],'[2]New Machine sheet'!$F$2:$I$64,2,),0) -> 24115 | H23: =IFERROR(VLOOKUP(Table25[[#This Row],[Code2]],'[2]New Machine sheet'!$F$2:$I$64,3,0),0) -> RE J1 | I23: Vikas | J23: 10 | K23: =IFERROR(VLOOKUP(Table25[[#This Row],[Code3]],'[2]New defect code '!$A$2:$D$129,2,0),0) -> Bore u/s | L23: 01.09.26 | M23: 46266 | P23: 2 | R23: =SUBTOTAL(9,Table25[[#This Row],[1st]:[FQC]]) -> 2 | S23: =IFERROR(VLOOKUP(Table25[[#This Row],[Part No.]],'[2]New Machine sheet'!$G$2:$I$90,3,0),0) -> 66.9 | T23: =Table25[[#This Row],[cost per piece]]*Table25[[#This Row],[Total Rej. qty]] -> 133.8 | U23: =IFERROR(VLOOKUP(Table25[[#This Row],[Non Conformance]],'[2]New defect code '!$B$2:$C$129,2,0),0) -> 0 | V23: 45 | W23: =IFERROR(VLOOKUP(Table25[[#This Row],[Code4]],'[2]New Reason code'!$A$2:$D$77,2,0),0) -> Running m/c | X23: =#REF!+Table25[[#This Row],[Rejection Identified at]] -> 0 | Y23: =IFERROR(VLOOKUP(Table25[[#This Row],[Reason]],Coding!A20:C77,3,0),0) -> Power Cut
A24: 20 | B24: 23 | C24: =IFERROR(VLOOKUP(Table25[[#This Row],[Code]],'[2]New Machine sheet'!$A$1:$D$101,2,0),0) -> ACE-03 | D24: =IFERROR(VLOOKUP(Table25[[#This Row],[M/c No]],'[2]New Machine sheet'!$B$1:$D$101,2,0),0) -> Micromatic | E24: =IFERROR(VLOOKUP(Table25[[#This Row],[M/c Name]],'[2]New Machine sheet'!$C$1:$D$101,2,0),0) -> Turning | F24: 121 | G24: =IFERROR(VLOOKUP(Table25[[#This Row],[Code2]],'[2]New Machine sheet'!$F$2:$I$64,2,),0) -> 24121 | H24: =IFERROR(VLOOKUP(Table25[[#This Row],[Code2]],'[2]New Machine sheet'!$F$2:$I$64,3,0),0) -> RE J1 | I24: Anjali | J24: 73 | K24: =IFERROR(VLOOKUP(Table25[[#This Row],[Code3]],'[2]New defect code '!$A$2:$D$129,2,0),0) -> PG NO go pass (Bush Bore o/s) | L24: 02.09.26 | M24: 46266 | N24: 4 | R24: =SUBTOTAL(9,Table25[[#This Row],[1st]:[FQC]]) -> 4 | S24: =IFERROR(VLOOKUP(Table25[[#This Row],[Part No.]],'[2]New Machine sheet'!$G$2:$I$90,3,0),0) -> 135.67 | T24: =Table25[[#This Row],[cost per piece]]*Table25[[#This Row],[Total Rej. qty]] -> 542.68 | U24: =IFERROR(VLOOKUP(Table25[[#This Row],[Non Conformance]],'[2]New defect code '!$B$2:$C$129,2,0),0) -> 0 | V24: 51 | W24: =IFERROR(VLOOKUP(Table25[[#This Row],[Code4]],'[2]New Reason code'!$A$2:$D$77,2,0),0) -> Size veriation on m/c | X24: =#REF!+Table25[[#This Row],[Rejection Identified at]] -> 0 | Y24: =IFERROR(VLOOKUP(Table25[[#This Row],[Reason]],Coding!A21:C78,3,0),0) -> 0
A25: 21 | B25: 23 | C25: =IFERROR(VLOOKUP(Table25[[#This Row],[Code]],'[2]New Machine sheet'!$A$1:$D$101,2,0),0) -> ACE-03 | D25: =IFERROR(VLOOKUP(Table25[[#This Row],[M/c No]],'[2]New Machine sheet'!$B$1:$D$101,2,0),0) -> Micromatic | E25: =IFERROR(VLOOKUP(Table25[[#This Row],[M/c Name]],'[2]New Machine sheet'!$C$1:$D$101,2,0),0) -> Turning | F25: 121 | G25: =IFERROR(VLOOKUP(Table25[[#This Row],[Code2]],'[2]New Machine sheet'!$F$2:$I$64,2,),0) -> 24121 | H25: =IFERROR(VLOOKUP(Table25[[#This Row],[Code2]],'[2]New Machine sheet'!$F$2:$I$64,3,0),0) -> RE J1 | I25: Anjali | J25: 71 | K25: =IFERROR(VLOOKUP(Table25[[#This Row],[Code3]],'[2]New defect code '!$A$2:$D$129,2,0),0) -> PG go not qualify | L25: 02.09.26 | M25: 46266 | N25: 25 | R25: =SUBTOTAL(9,Table25[[#This Row],[1st]:[FQC]]) -> 25 | S25: =IFERROR(VLOOKUP(Table25[[#This Row],[Part No.]],'[2]New Machine sheet'!$G$2:$I$90,3,0),0) -> 135.67 | T25: =Table25[[#This Row],[cost per piece]]*Table25[[#This Row],[Total Rej. qty]] -> 3391.75 | U25: =IFERROR(VLOOKUP(Table25[[#This Row],[Non Conformance]],'[2]New defect code '!$B$2:$C$129,2,0),0) -> 0 | V25: 51 | W25: =IFERROR(VLOOKUP(Table25[[#This Row],[Code4]],'[2]New Reason code'!$A$2:$D$77,2,0),0) -> Size veriation on m/c | X25: =#REF!+Table25[[#This Row],[Rejection Identified at]] -> 0 | Y25: =IFERROR(VLOOKUP(Table25[[#This Row],[Reason]],Coding!A22:C79,3,0),0) -> 0
A26: 22 | B26: 15 | C26: =IFERROR(VLOOKUP(Table25[[#This Row],[Code]],'[2]New Machine sheet'!$A$1:$D$101,2,0),0) -> 282-15 | D26: =IFERROR(VLOOKUP(Table25[[#This Row],[M/c No]],'[2]New Machine sheet'!$B$1:$D$101,2,0),0) -> Mazak | E26: =IFERROR(VLOOKUP(Table25[[#This Row],[M/c Name]],'[2]New Machine sheet'!$C$1:$D$101,2,0),0) -> Turning | F26: 127 | G26: =IFERROR(VLOOKUP(Table25[[#This Row],[Code2]],'[2]New Machine sheet'!$F$2:$I$64,2,),0) -> 24127 | H26: =IFERROR(VLOOKUP(Table25[[#This Row],[Code2]],'[2]New Machine sheet'!$F$2:$I$64,3,0),0) -> RE J1 | I26: Devendra | J26: 61 | K26: =IFERROR(VLOOKUP(Table25[[#This Row],[Code3]],'[2]New defect code '!$A$2:$D$129,2,0),0) -> Od o/s | L26: 02.09.26 | M26: 46266 | N26: 2 | R26: =SUBTOTAL(9,Table25[[#This Row],[1st]:[FQC]]) -> 2 | S26: =IFERROR(VLOOKUP(Table25[[#This Row],[Part No.]],'[2]New Machine sheet'!$G$2:$I$90,3,0),0) -> 262.812 | T26: =Table25[[#This Row],[cost per piece]]*Table25[[#This Row],[Total Rej. qty]] -> 525.624 | U26: =IFERROR(VLOOKUP(Table25[[#This Row],[Non Conformance]],'[2]New defect code '!$B$2:$C$129,2,0),0) -> 0 | V26: 45 | W26: =IFERROR(VLOOKUP(Table25[[#This Row],[Code4]],'[2]New Reason code'!$A$2:$D$77,2,0),0) -> Running m/c | X26: =#REF!+Table25[[#This Row],[Rejection Identified at]] -> 0 | Y26: =IFERROR(VLOOKUP(Table25[[#This Row],[Reason]],Coding!A23:C80,3,0),0) -> Power Cut
A27: 23 | B27: 11 | C27: =IFERROR(VLOOKUP(Table25[[#This Row],[Code]],'[2]New Machine sheet'!$A$1:$D$101,2,0),0) -> 282-11 | D27: =IFERROR(VLOOKUP(Table25[[#This Row],[M/c No]],'[2]New Machine sheet'!$B$1:$D$101,2,0),0) -> Mazak | E27: =IFERROR(VLOOKUP(Table25[[#This Row],[M/c Name]],'[2]New Machine sheet'!$C$1:$D$101,2,0),0) -> Turning | F27: 121 | G27: =IFERROR(VLOOKUP(Table25[[#This Row],[Code2]],'[2]New Machine sheet'!$F$2:$I$64,2,),0) -> 24121 | H27: =IFERROR(VLOOKUP(Table25[[#This Row],[Code2]],'[2]New Machine sheet'!$F$2:$I$64,3,0),0) -> RE J1 | I27: Durgesh | J27: 71 | K27: =IFERROR(VLOOKUP(Table25[[#This Row],[Code3]],'[2]New defect code '!$A$2:$D$129,2,0),0) -> PG go not qualify | L27: 02.09.26 | M27: 46266 | N27: 20 | R27: =SUBTOTAL(9,Table25[[#This Row],[1st]:[FQC]]) -> 20 | S27: =IFERROR(VLOOKUP(Table25[[#This Row],[Part No.]],'[2]New Machine sheet'!$G$2:$I$90,3,0),0) -> 135.67 | T27: =Table25[[#This Row],[cost per piece]]*Table25[[#This Row],[Total Rej. qty]] -> 2713.4 | U27: =IFERROR(VLOOKUP(Table25[[#This Row],[Non Conformance]],'[2]New defect code '!$B$2:$C$129,2,0),0) -> 0 | V27: 42 | W27: =IFERROR(VLOOKUP(Table25[[#This Row],[Code4]],'[2]New Reason code'!$A$2:$D$77,2,0),0) -> part not checked by operator | X27: =#REF!+Table25[[#This Row],[Rejection Identified at]] -> 0 | Y27: =IFERROR(VLOOKUP(Table25[[#This Row],[Reason]],Coding!A24:C81,3,0),0) -> Process Issue
A28: 24 | B28: 39 | C28: =IFERROR(VLOOKUP(Table25[[#This Row],[Code]],'[2]New Machine sheet'!$A$1:$D$101,2,0),0) -> ACE-19 | D28: =IFERROR(VLOOKUP(Table25[[#This Row],[M/c No]],'[2]New Machine sheet'!$B$1:$D$101,2,0),0) -> Micromatic | E28: =IFERROR(VLOOKUP(Table25[[#This Row],[M/c Name]],'[2]New Machine sheet'!$C$1:$D$101,2,0),0) -> Turning | F28: 117 | G28: =IFERROR(VLOOKUP(Table25[[#This Row],[Code2]],'[2]New Machine sheet'!$F$2:$I$64,2,),0) -> 24117 | H28: =IFERROR(VLOOKUP(Table25[[#This Row],[Code2]],'[2]New Machine sheet'!$F$2:$I$64,3,0),0) -> RE J1 | I28: Shivani | J28: 10 | K28: =IFERROR(VLOOKUP(Table25[[#This Row],[Code3]],'[2]New defect code '!$A$2:$D$129,2,0),0) -> Bore u/s | L28: 02.09.26 | M28: 46266 | N28: 1 | R28: =SUBTOTAL(9,Table25[[#This Row],[1st]:[FQC]]) -> 1 | S28: =IFERROR(VLOOKUP(Table25[[#This Row],[Part No.]],'[2]New Machine sheet'!$G$2:$I$90,3,0),0) -> 111.97 | T28: =Table25[[#This Row],[cost per piece]]*Table25[[#This Row],[Total Rej. qty]] -> 111.97 | U28: =IFERROR(VLOOKUP(Table25[[#This Row],[Non Conformance]],'[2]New defect code '!$B$2:$C$129,2,0),0) -> 0 | V28: 45 | W28: =IFERROR(VLOOKUP(Table25[[#This Row],[Code4]],'[2]New Reason code'!$A$2:$D$77,2,0),0) -> Running m/c | X28: =#REF!+Table25[[#This Row],[Rejection Identified at]] -> 0 | Y28: =IFERROR(VLOOKUP(Table25[[#This Row],[Reason]],Coding!A25:C82,3,0),0) -> Power Cut
A29: 25 | B29: 47 | C29: =IFERROR(VLOOKUP(Table25[[#This Row],[Code]],'[2]New Machine sheet'!$A$1:$D$101,2,0),0) -> MURATEC-03 | D29: =IFERROR(VLOOKUP(Table25[[#This Row],[M/c No]],'[2]New Machine sheet'!$B$1:$D$101,2,0),0) -> MURATEC | E29: =IFERROR(VLOOKUP(Table25[[#This Row],[M/c Name]],'[2]New Machine sheet'!$C$1:$D$101,2,0),0) -> turning | F29: 127 | G29: =IFERROR(VLOOKUP(Table25[[#This Row],[Code2]],'[2]New Machine sheet'!$F$2:$I$64,2,),0) -> 24127 | H29: =IFERROR(VLOOKUP(Table25[[#This Row],[Code2]],'[2]New Machine sheet'!$F$2:$I$64,3,0),0) -> RE J1 | I29: Amar | J29: 61 | K29: =IFERROR(VLOOKUP(Table25[[#This Row],[Code3]],'[2]New defect code '!$A$2:$D$129,2,0),0) -> Od o/s | L29: 02.09.26 | M29: 46266 | N29: 1 | R29: =SUBTOTAL(9,Table25[[#This Row],[1st]:[FQC]]) -> 1 | S29: =IFERROR(VLOOKUP(Table25[[#This Row],[Part No.]],'[2]New Machine sheet'!$G$2:$I$90,3,0),0) -> 262.812 | T29: =Table25[[#This Row],[cost per piece]]*Table25[[#This Row],[Total Rej. qty]] -> 262.812 | U29: =IFERROR(VLOOKUP(Table25[[#This Row],[Non Conformance]],'[2]New defect code '!$B$2:$C$129,2,0),0) -> 0 | V29: 45 | W29: =IFERROR(VLOOKUP(Table25[[#This Row],[Code4]],'[2]New Reason code'!$A$2:$D$77,2,0),0) -> Running m/c | X29: =#REF!+Table25[[#This Row],[Rejection Identified at]] -> 0 | Y29: =IFERROR(VLOOKUP(Table25[[#This Row],[Reason]],Coding!A26:C83,3,0),0) -> Power Cut
A30: 26 | B30: 47 | C30: =IFERROR(VLOOKUP(Table25[[#This Row],[Code]],'[2]New Machine sheet'!$A$1:$D$101,2,0),0) -> MURATEC-03 | D30: =IFERROR(VLOOKUP(Table25[[#This Row],[M/c No]],'[2]New Machine sheet'!$B$1:$D$101,2,0),0) -> MURATEC | E30: =IFERROR(VLOOKUP(Table25[[#This Row],[M/c Name]],'[2]New Machine sheet'!$C$1:$D$101,2,0),0) -> turning | F30: 127 | G30: =IFERROR(VLOOKUP(Table25[[#This Row],[Code2]],'[2]New Machine sheet'!$F$2:$I$64,2,),0) -> 24127 | H30: =IFERROR(VLOOKUP(Table25[[#This Row],[Code2]],'[2]New Machine sheet'!$F$2:$I$64,3,0),0) -> RE J1 | I30: Amar | J30: 61 | K30: =IFERROR(VLOOKUP(Table25[[#This Row],[Code3]],'[2]New defect code '!$A$2:$D$129,2,0),0) -> Od o/s | L30: 02.09.26 | M30: 46266 | N30: 1 | R30: =SUBTOTAL(9,Table25[[#This Row],[1st]:[FQC]]) -> 1 | S30: =IFERROR(VLOOKUP(Table25[[#This Row],[Part No.]],'[2]New Machine sheet'!$G$2:$I$90,3,0),0) -> 262.812 | T30: =Table25[[#This Row],[cost per piece]]*Table25[[#This Row],[Total Rej. qty]] -> 262.812 | U30: =IFERROR(VLOOKUP(Table25[[#This Row],[Non Conformance]],'[2]New defect code '!$B$2:$C$129,2,0),0) -> 0 | V30: 18 | W30: =IFERROR(VLOOKUP(Table25[[#This Row],[Code4]],'[2]New Reason code'!$A$2:$D$77,2,0),0) -> During insert change | X30: =#REF!+Table25[[#This Row],[Rejection Identified at]] -> 0 | Y30: =IFERROR(VLOOKUP(Table25[[#This Row],[Reason]],Coding!A27:C84,3,0),0) -> 0
A31: 27 | B31: 47 | C31: =IFERROR(VLOOKUP(Table25[[#This Row],[Code]],'[2]New Machine sheet'!$A$1:$D$101,2,0),0) -> MURATEC-03 | D31: =IFERROR(VLOOKUP(Table25[[#This Row],[M/c No]],'[2]New Machine sheet'!$B$1:$D$101,2,0),0) -> MURATEC | E31: =IFERROR(VLOOKUP(Table25[[#This Row],[M/c Name]],'[2]New Machine sheet'!$C$1:$D$101,2,0),0) -> turning | F31: 127 | G31: =IFERROR(VLOOKUP(Table25[[#This Row],[Code2]],'[2]New Machine sheet'!$F$2:$I$64,2,),0) -> 24127 | H31: =IFERROR(VLOOKUP(Table25[[#This Row],[Code2]],'[2]New Machine sheet'!$F$2:$I$64,3,0),0) -> RE J1 | I31: Amar | J31: 71 | K31: =IFERROR(VLOOKUP(Table25[[#This Row],[Code3]],'[2]New defect code '!$A$2:$D$129,2,0),0) -> PG go not qualify | L31: 02.09.26 | M31: 46266 | N31: 1 | R31: =SUBTOTAL(9,Table25[[#This Row],[1st]:[FQC]]) -> 1 | S31: =IFERROR(VLOOKUP(Table25[[#This Row],[Part No.]],'[2]New Machine sheet'!$G$2:$I$90,3,0),0) -> 262.812 | T31: =Table25[[#This Row],[cost per piece]]*Table25[[#This Row],[Total Rej. qty]] -> 262.812 | U31: =IFERROR(VLOOKUP(Table25[[#This Row],[Non Conformance]],'[2]New defect code '!$B$2:$C$129,2,0),0) -> 0 | V31: 45 | W31: =IFERROR(VLOOKUP(Table25[[#This Row],[Code4]],'[2]New Reason code'!$A$2:$D$77,2,0),0) -> Running m/c | X31: =#REF!+Table25[[#This Row],[Rejection Identified at]] -> 0 | Y31: =IFERROR(VLOOKUP(Table25[[#This Row],[Reason]],Coding!A28:C85,3,0),0) -> Power Cut
A32: 28 | B32: 3 | C32: =IFERROR(VLOOKUP(Table25[[#This Row],[Code]],'[2]New Machine sheet'!$A$1:$D$101,2,0),0) -> 282-03 | D32: =IFERROR(VLOOKUP(Table25[[#This Row],[M/c No]],'[2]New Machine sheet'!$B$1:$D$101,2,0),0) -> Mazak | E32: =IFERROR(VLOOKUP(Table25[[#This Row],[M/c Name]],'[2]New Machine sheet'!$C$1:$D$101,2,0),0) -> Turning | F32: 121 | G32: =IFERROR(VLOOKUP(Table25[[#This Row],[Code2]],'[2]New Machine sheet'!$F$2:$I$64,2,),0) -> 24121 | H32: =IFERROR(VLOOKUP(Table25[[#This Row],[Code2]],'[2]New Machine sheet'!$F$2:$I$64,3,0),0) -> RE J1 | I32: Ritu | J32: 73 | K32: =IFERROR(VLOOKUP(Table25[[#This Row],[Code3]],'[2]New defect code '!$A$2:$D$129,2,0),0) -> PG NO go pass (Bush Bore o/s) | L32: 02.09.26 | M32: 46266 | N32: 1 | R32: =SUBTOTAL(9,Table25[[#This Row],[1st]:[FQC]]) -> 1 | S32: =IFERROR(VLOOKUP(Table25[[#This Row],[Part No.]],'[2]New Machine sheet'!$G$2:$I$90,3,0),0) -> 135.67 | T32: =Table25[[#This Row],[cost per piece]]*Table25[[#This Row],[Total Rej. qty]] -> 135.67 | U32: =IFERROR(VLOOKUP(Table25[[#This Row],[Non Conformance]],'[2]New defect code '!$B$2:$C$129,2,0),0) -> 0 | V32: 45 | W32: =IFERROR(VLOOKUP(Table25[[#This Row],[Code4]],'[2]New Reason code'!$A$2:$D$77,2,0),0) -> Running m/c | X32: =#REF!+Table25[[#This Row],[Rejection Identified at]] -> 0 | Y32: =IFERROR(VLOOKUP(Table25[[#This Row],[Reason]],Coding!A29:C86,3,0),0) -> Power Cut
A33: 29 | B33: 44 | C33: =IFERROR(VLOOKUP(Table25[[#This Row],[Code]],'[2]New Machine sheet'!$A$1:$D$101,2,0),0) -> LT20-NEW | D33: =IFERROR(VLOOKUP(Table25[[#This Row],[M/c No]],'[2]New Machine sheet'!$B$1:$D$101,2,0),0) -> ACE | E33: =IFERROR(VLOOKUP(Table25[[#This Row],[M/c Name]],'[2]New Machine sheet'!$C$1:$D$101,2,0),0) -> turning | F33: 122 | G33: =IFERROR(VLOOKUP(Table25[[#This Row],[Code2]],'[2]New Machine sheet'!$F$2:$I$64,2,),0) -> 24122 | H33: =IFERROR(VLOOKUP(Table25[[#This Row],[Code2]],'[2]New Machine sheet'!$F$2:$I$64,3,0),0) -> RE J1 | J33: 37 | K33: =IFERROR(VLOOKUP(Table25[[#This Row],[Code3]],'[2]New defect code '!$A$2:$D$129,2,0),0) -> Face chatring | L33: 02.09.26 | M33: 46266 | O33: 1 | R33: =SUBTOTAL(9,Table25[[#This Row],[1st]:[FQC]]) -> 1 | S33: =IFERROR(VLOOKUP(Table25[[#This Row],[Part No.]],'[2]New Machine sheet'!$G$2:$I$90,3,0),0) -> 335.39978 | T33: =Table25[[#This Row],[cost per piece]]*Table25[[#This Row],[Total Rej. qty]] -> 335.39978 | U33: =IFERROR(VLOOKUP(Table25[[#This Row],[Non Conformance]],'[2]New defect code '!$B$2:$C$129,2,0),0) -> 0 | V33: 45 | W33: =IFERROR(VLOOKUP(Table25[[#This Row],[Code4]],'[2]New Reason code'!$A$2:$D$77,2,0),0) -> Running m/c | X33: =#REF!+Table25[[#This Row],[Rejection Identified at]] -> 0 | Y33: =IFERROR(VLOOKUP(Table25[[#This Row],[Reason]],Coding!A30:C87,3,0),0) -> Power Cut
A34: 30 | B34: 25 | C34: =IFERROR(VLOOKUP(Table25[[#This Row],[Code]],'[2]New Machine sheet'!$A$1:$D$101,2,0),0) -> ACE-05 | D34: =IFERROR(VLOOKUP(Table25[[#This Row],[M/c No]],'[2]New Machine sheet'!$B$1:$D$101,2,0),0) -> Micromatic | E34: =IFERROR(VLOOKUP(Table25[[#This Row],[M/c Name]],'[2]New Machine sheet'!$C$1:$D$101,2,0),0) -> Turning | F34: 122 | G34: =IFERROR(VLOOKUP(Table25[[#This Row],[Code2]],'[2]New Machine sheet'!$F$2:$I$64,2,),0) -> 24122 | H34: =IFERROR(VLOOKUP(Table25[[#This Row],[Code2]],'[2]New Machine sheet'!$F$2:$I$64,3,0),0) -> RE J1 | I34: Rajendra | J34: 10 | K34: =IFERROR(VLOOKUP(Table25[[#This Row],[Code3]],'[2]New defect code '!$A$2:$D$129,2,0),0) -> Bore u/s | L34: 02.09.26 | M34: 46266 | O34: 2 | R34: =SUBTOTAL(9,Table25[[#This Row],[1st]:[FQC]]) -> 2 | S34: =IFERROR(VLOOKUP(Table25[[#This Row],[Part No.]],'[2]New Machine sheet'!$G$2:$I$90,3,0),0) -> 335.39978 | T34: =Table25[[#This Row],[cost per piece]]*Table25[[#This Row],[Total Rej. qty]] -> 670.79955 | U34: =IFERROR(VLOOKUP(Table25[[#This Row],[Non Conformance]],'[2]New defect code '!$B$2:$C$129,2,0),0) -> 0 | V34: 45 | W34: =IFERROR(VLOOKUP(Table25[[#This Row],[Code4]],'[2]New Reason code'!$A$2:$D$77,2,0),0) -> Running m/c | X34: =#REF!+Table25[[#This Row],[Rejection Identified at]] -> 0 | Y34: =IFERROR(VLOOKUP(Table25[[#This Row],[Reason]],Coding!A31:C88,3,0),0) -> Power Cut
A35: 31 | B35: 2 | C35: =IFERROR(VLOOKUP(Table25[[#This Row],[Code]],'[2]New Machine sheet'!$A$1:$D$101,2,0),0) -> 282-02 | D35: =IFERROR(VLOOKUP(Table25[[#This Row],[M/c No]],'[2]New Machine sheet'!$B$1:$D$101,2,0),0) -> Mazak | E35: =IFERROR(VLOOKUP(Table25[[#This Row],[M/c Name]],'[2]New Machine sheet'!$C$1:$D$101,2,0),0) -> Turning | F35: 77 | G35: =IFERROR(VLOOKUP(Table25[[#This Row],[Code2]],'[2]New Machine sheet'!$F$2:$I$64,2,),0) -> 2477 | H35: =IFERROR(VLOOKUP(Table25[[#This Row],[Code2]],'[2]New Machine sheet'!$F$2:$I$64,3,0),0) -> RE P1 | I35: Rohit | J35: 10 | K35: =IFERROR(VLOOKUP(Table25[[#This Row],[Code3]],'[2]New defect code '!$A$2:$D$129,2,0),0) -> Bore u/s | L35: 02.09.26 | M35: 46266 | O35: 2 | R35: =SUBTOTAL(9,Table25[[#This Row],[1st]:[FQC]]) -> 2 | S35: =IFERROR(VLOOKUP(Table25[[#This Row],[Part No.]],'[2]New Machine sheet'!$G$2:$I$90,3,0),0) -> 79.065 | T35: =Table25[[#This Row],[cost per piece]]*Table25[[#This Row],[Total Rej. qty]] -> 158.13 | U35: =IFERROR(VLOOKUP(Table25[[#This Row],[Non Conformance]],'[2]New defect code '!$B$2:$C$129,2,0),0) -> 0 | V35: 45 | W35: =IFERROR(VLOOKUP(Table25[[#This Row],[Code4]],'[2]New Reason code'!$A$2:$D$77,2,0),0) -> Running m/c | X35: =#REF!+Table25[[#This Row],[Rejection Identified at]] -> 0 | Y35: =IFERROR(VLOOKUP(Table25[[#This Row],[Reason]],Coding!A32:C89,3,0),0) -> Power Cut
A36: 32 | C36: ACE-21 | D36: Micromatic | E36: =IFERROR(VLOOKUP(Table25[[#This Row],[M/c Name]],'[2]New Machine sheet'!$C$1:$D$101,2,0),0) -> Turning | F36: 122 | G36: =IFERROR(VLOOKUP(Table25[[#This Row],[Code2]],'[2]New Machine sheet'!$F$2:$I$64,2,),0) -> 24122 | H36: =IFERROR(VLOOKUP(Table25[[#This Row],[Code2]],'[2]New Machine sheet'!$F$2:$I$64,3,0),0) -> RE J1 | I36: Sawaliya | J36: 37 | K36: =IFERROR(VLOOKUP(Table25[[#This Row],[Code3]],'[2]New defect code '!$A$2:$D$129,2,0),0) -> Face chatring | L36: 02.09.26 | M36: 46266 | P36: 1 | R36: =SUBTOTAL(9,Table25[[#This Row],[1st]:[FQC]]) -> 1 | S36: =IFERROR(VLOOKUP(Table25[[#This Row],[Part No.]],'[2]New Machine sheet'!$G$2:$I$90,3,0),0) -> 335.39978 | T36: =Table25[[#This Row],[cost per piece]]*Table25[[#This Row],[Total Rej. qty]] -> 335.39978 | U36: =IFERROR(VLOOKUP(Table25[[#This Row],[Non Conformance]],'[2]New defect code '!$B$2:$C$129,2,0),0) -> 0 | V36: 45 | W36: =IFERROR(VLOOKUP(Table25[[#This Row],[Code4]],'[2]New Reason code'!$A$2:$D$77,2,0),0) -> Running m/c | X36: =#REF!+Table25[[#This Row],[Rejection Identified at]] -> 0 | Y36: =IFERROR(VLOOKUP(Table25[[#This Row],[Reason]],Coding!A33:C90,3,0),0) -> Power Cut
A37: 33 | C37: ACE-22 | D37: Micromatic | E37: =IFERROR(VLOOKUP(Table25[[#This Row],[M/c Name]],'[2]New Machine sheet'!$C$1:$D$101,2,0),0) -> Turning | F37: 127 | G37: =IFERROR(VLOOKUP(Table25[[#This Row],[Code2]],'[2]New Machine sheet'!$F$2:$I$64,2,),0) -> 24127 | H37: =IFERROR(VLOOKUP(Table25[[#This Row],[Code2]],'[2]New Machine sheet'!$F$2:$I$64,3,0),0) -> RE J1 | I37: Sawaliya | J37: 10 | K37: =IFERROR(VLOOKUP(Table25[[#This Row],[Code3]],'[2]New defect code '!$A$2:$D$129,2,0),0) -> Bore u/s | L37: 02.09.26 | M37: 46266 | P37: 1 | R37: =SUBTOTAL(9,Table25[[#This Row],[1st]:[FQC]]) -> 1 | S37: =IFERROR(VLOOKUP(Table25[[#This Row],[Part No.]],'[2]New Machine sheet'!$G$2:$I$90,3,0),0) -> 262.812 | T37: =Table25[[#This Row],[cost per piece]]*Table25[[#This Row],[Total Rej. qty]] -> 262.812 | U37: =IFERROR(VLOOKUP(Table25[[#This Row],[Non Conformance]],'[2]New defect code '!$B$2:$C$129,2,0),0) -> 0 | V37: 18 | W37: =IFERROR(VLOOKUP(Table25[[#This Row],[Code4]],'[2]New Reason code'!$A$2:$D$77,2,0),0) -> During insert change | X37: =#REF!+Table25[[#This Row],[Rejection Identified at]] -> 0 | Y37: =IFERROR(VLOOKUP(Table25[[#This Row],[Reason]],Coding!A34:C91,3,0),0) -> 0
